event_id,timestamp,control_id,parameter,baseline_value,current_value,changed_by,change_source,approval_status,environment,maintenance_window,severity,is_risky,predicted_risky
drift-evt-ae6d,2026-04-08T02:47:00Z,LOG-012,cloudtrail_enabled,True,False,admin_003,manual,pending,production,False,CRITICAL,True,False
drift-evt-cf95,2026-04-08T03:15:00Z,FW-001,port_8080_opened,CLOSED,OPEN,admin_003,manual,pending,staging,False,HIGH,True,False
drift-evt-ce56,2026-04-08T03:22:00Z,ENC-044,encryption_strength,AES-256,AES-128,admin_003,manual,pending,staging,False,HIGH,True,False
drift-evt-9668,2026-04-26T03:49:00Z,END-048,inbound_rules,RESTRICTED,PORT_8080_OPENED_ANYWHERE,admin_002,manual,pending,production,False,MEDIUM,True,False
drift-evt-88af,2026-04-28T13:09:00Z,CLO-016,logging_enabled,True,True,autoscaler_bot,automation,approved,production,False,INFO,False,False
drift-evt-7cee,2026-04-23T09:17:00Z,CLO-003,inbound_rules,RESTRICTED,TEMPORARY_VENDOR_ALLOWED,autoscaler_bot,ci_cd,approved,staging,True,LOW,False,False
drift-evt-180e,2026-04-10T16:19:00Z,NET-030,mfa_enforced,True,True,ci_cd_pipeline,ci_cd,approved,production,False,LOW,False,False
drift-evt-c0b6,2026-04-18T19:58:00Z,END-036,logging_enabled,True,True,admin_002,ci_cd,approved,production,True,LOW,False,False
drift-evt-18c4,2026-05-03T23:44:00Z,IDE-061,logging_enabled,True,modified_config_param,autoscaler_bot,manual,pending,production,False,MEDIUM,True,False
drift-evt-3e33,2026-04-26T12:38:00Z,NET-025,mfa_enforced,True,expired_state,ci_cd_pipeline,manual,expired,staging,False,HIGH,True,False
drift-evt-fabc,2026-04-27T14:50:00Z,END-046,logging_enabled,True,True,admin_002,scheduled_task,approved,production,False,LOW,False,False
drift-evt-0306,2026-04-10T11:11:00Z,CLO-013,inbound_rules,RESTRICTED,expired_state,ci_cd_pipeline,manual,expired,production,False,MEDIUM,True,False
drift-evt-8662,2026-04-23T10:37:00Z,CLO-014,agent_status,running,restarting,autoscaler_bot,ci_cd,approved,production,True,LOW,False,False
drift-evt-0682,2026-04-14T09:07:00Z,IDE-055,mfa_enforced,True,weakened_state,autoscaler_bot,manual,pending,production,False,HIGH,True,False
drift-evt-a717,2026-04-19T08:52:00Z,CLO-010,mfa_enforced,True,True,admin_002,ci_cd,approved,production,True,LOW,False,False
drift-evt-88d0,2026-05-02T14:28:00Z,CLO-002,encryption_strength,AES-256,modified_config_param,ci_cd_pipeline,manual,pending,production,False,MEDIUM,True,False
drift-evt-d69c,2026-04-18T18:12:00Z,NET-022,encryption_strength,AES-256,AES-256,admin_002,automation,approved,production,False,INFO,False,False
drift-evt-c131,2026-04-17T17:29:00Z,IDE-052,encryption_strength,AES-256,False,ci_cd_pipeline,manual,pending,staging,False,CRITICAL,True,False
drift-evt-adc5,2026-04-08T02:22:00Z,END-050,mfa_enforced,True,True,admin_001,scheduled_task,approved,production,False,LOW,False,False
drift-evt-8274,2026-05-03T07:03:00Z,IDE-063,inbound_rules,RESTRICTED,TEMPORARY_VENDOR_ALLOWED,autoscaler_bot,ci_cd,approved,production,False,LOW,False,False
drift-evt-e797,2026-04-10T15:53:00Z,CLO-008,inbound_rules,RESTRICTED,TEMPORARY_VENDOR_ALLOWED,admin_001,ci_cd,approved,production,True,LOW,False,False
drift-evt-0a19,2026-04-30T21:15:00Z,NET-021,logging_enabled,True,weakened_state,ci_cd_pipeline,manual,pending,production,False,HIGH,True,False
drift-evt-fc81,2026-04-11T15:31:00Z,NET-024,agent_status,running,running,ci_cd_pipeline,automation,approved,staging,False,INFO,False,False
drift-evt-214d,2026-04-18T16:55:00Z,IDE-052,encryption_strength,AES-256,AES-128,ci_cd_pipeline,manual,pending,staging,False,HIGH,True,False
drift-evt-1e46,2026-05-03T22:15:00Z,NET-032,encryption_strength,AES-256,AES-256,ci_cd_pipeline,automation,approved,production,False,INFO,False,False
drift-evt-a892,2026-04-27T01:55:00Z,END-041,logging_enabled,True,weakened_state,admin_001,manual,pending,staging,False,HIGH,True,False
drift-evt-1da9,2026-04-22T07:11:00Z,NET-031,logging_enabled,True,True,admin_001,scheduled_task,approved,development,True,LOW,False,False
drift-evt-5a4c,2026-04-21T15:41:00Z,IDE-059,agent_status,running,modified_config_param,admin_001,manual,pending,staging,False,MEDIUM,True,False
drift-evt-8116,2026-04-11T07:15:00Z,CLO-002,encryption_strength,AES-256,AES-256,admin_002,automation,approved,production,False,INFO,False,False
drift-evt-c989,2026-05-03T14:57:00Z,CLO-013,inbound_rules,RESTRICTED,PORT_8080_OPENED_ANYWHERE,ci_cd_pipeline,manual,pending,production,False,MEDIUM,True,False
drift-evt-ee92,2026-05-01T00:34:00Z,NET-034,agent_status,running,weakened_state,autoscaler_bot,manual,pending,staging,False,HIGH,True,False
drift-evt-787c,2026-04-11T03:09:00Z,NET-032,encryption_strength,AES-256,AES-256,admin_001,automation,approved,production,False,INFO,False,False
drift-evt-b386,2026-04-27T22:37:00Z,END-039,agent_status,running,restarting,ci_cd_pipeline,scheduled_task,approved,development,True,LOW,False,False
drift-evt-e1eb,2026-04-14T02:41:00Z,NET-034,agent_status,running,running,ci_cd_pipeline,automation,approved,staging,False,INFO,False,False
drift-evt-16ae,2026-05-03T04:17:00Z,CLO-020,mfa_enforced,True,True,admin_001,automation,approved,staging,False,INFO,False,False
drift-evt-77f3,2026-04-17T14:04:00Z,END-044,agent_status,running,restarting,autoscaler_bot,scheduled_task,approved,production,False,LOW,False,False
drift-evt-c708,2026-04-10T07:30:00Z,CLO-012,encryption_strength,AES-256,AES-256,admin_002,scheduled_task,approved,production,True,LOW,False,False
drift-evt-de3e,2026-04-13T22:54:00Z,NET-034,agent_status,running,restarting,autoscaler_bot,scheduled_task,approved,staging,False,LOW,False,False
drift-evt-c6e5,2026-04-13T02:12:00Z,CLO-010,mfa_enforced,True,weakened_state,autoscaler_bot,manual,pending,production,False,HIGH,True,False
drift-evt-f0d6,2026-04-24T19:17:00Z,CLO-019,agent_status,running,weakened_state,admin_002,manual,pending,development,False,HIGH,True,False
drift-evt-5738,2026-04-22T00:43:00Z,END-047,encryption_strength,AES-256,AES-256,ci_cd_pipeline,scheduled_task,approved,staging,True,LOW,False,False
drift-evt-67d6,2026-04-12T16:17:00Z,END-046,logging_enabled,True,modified_config_param,admin_002,manual,pending,production,False,MEDIUM,True,False
drift-evt-03d5,2026-04-15T00:49:00Z,NET-031,logging_enabled,True,True,autoscaler_bot,automation,approved,development,False,INFO,False,False
drift-evt-d649,2026-04-16T01:24:00Z,IDE-053,inbound_rules,RESTRICTED,RESTRICTED,ci_cd_pipeline,automation,approved,development,False,INFO,False,False
drift-evt-2d5c,2026-04-23T02:51:00Z,IDE-053,inbound_rules,RESTRICTED,TEMPORARY_VENDOR_ALLOWED,autoscaler_bot,scheduled_task,approved,development,True,LOW,False,False
drift-evt-8293,2026-04-12T22:05:00Z,END-049,agent_status,running,expired_state,ci_cd_pipeline,manual,expired,production,False,HIGH,True,False
drift-evt-b3b8,2026-04-18T02:58:00Z,NET-026,logging_enabled,True,expired_state,admin_002,manual,expired,production,False,HIGH,True,False
drift-evt-220e,2026-04-18T08:36:00Z,NET-029,agent_status,running,restarting,ci_cd_pipeline,ci_cd,approved,production,False,LOW,False,False
drift-evt-0bc5,2026-04-11T03:50:00Z,END-036,logging_enabled,True,True,admin_001,scheduled_task,approved,production,False,LOW,False,False
drift-evt-c268,2026-04-13T06:00:00Z,NET-034,agent_status,running,running,autoscaler_bot,automation,approved,staging,False,INFO,False,False
drift-evt-be94,2026-04-20T01:58:00Z,CLO-005,mfa_enforced,True,weakened_state,ci_cd_pipeline,manual,pending,production,False,HIGH,True,False
drift-evt-1f4a,2026-04-23T17:35:00Z,END-041,logging_enabled,True,weakened_state,admin_002,manual,pending,staging,False,HIGH,True,False
drift-evt-181e,2026-05-01T06:37:00Z,CLO-015,mfa_enforced,True,weakened_state,admin_002,manual,pending,production,False,HIGH,True,False
drift-evt-871c,2026-04-16T15:38:00Z,NET-033,inbound_rules,RESTRICTED,RESTRICTED,ci_cd_pipeline,automation,approved,staging,False,INFO,False,False
drift-evt-6131,2026-04-08T01:51:00Z,NET-026,logging_enabled,True,modified_config_param,admin_001,manual,pending,production,False,MEDIUM,True,False
drift-evt-3071,2026-04-23T00:40:00Z,END-041,logging_enabled,True,True,ci_cd_pipeline,scheduled_task,approved,staging,False,LOW,False,False
drift-evt-ea0f,2026-04-22T20:17:00Z,IDE-052,encryption_strength,AES-256,modified_config_param,admin_001,manual,pending,staging,False,MEDIUM,True,False
drift-evt-08eb,2026-04-16T17:33:00Z,IDE-054,agent_status,running,weakened_state,admin_002,manual,pending,staging,False,HIGH,True,False
drift-evt-7246,2026-04-15T22:06:00Z,END-039,agent_status,running,modified_config_param,admin_002,manual,pending,development,False,MEDIUM,True,False
drift-evt-a9a8,2026-04-08T00:27:00Z,END-039,agent_status,running,weakened_state,admin_001,manual,pending,development,False,HIGH,True,False
drift-evt-96ef,2026-05-04T09:30:00Z,END-042,encryption_strength,AES-256,AES-256,admin_002,scheduled_task,approved,staging,False,LOW,False,False
drift-evt-3b3a,2026-05-01T06:21:00Z,IDE-061,logging_enabled,True,modified_config_param,autoscaler_bot,manual,pending,production,False,MEDIUM,True,False
drift-evt-9922,2026-04-20T21:59:00Z,END-043,inbound_rules,RESTRICTED,PORT_8080_OPENED_ANYWHERE,ci_cd_pipeline,manual,pending,production,False,MEDIUM,True,False
drift-evt-0d2b,2026-04-18T16:33:00Z,END-040,mfa_enforced,True,expired_state,autoscaler_bot,manual,expired,production,False,HIGH,True,False
drift-evt-79e5,2026-04-14T16:57:00Z,CLO-004,agent_status,running,expired_state,ci_cd_pipeline,manual,expired,production,False,HIGH,True,False
drift-evt-7ebc,2026-04-29T14:59:00Z,CLO-010,mfa_enforced,True,True,admin_002,scheduled_task,approved,production,True,LOW,False,False
drift-evt-3e0b,2026-04-25T11:25:00Z,IDE-064,agent_status,running,modified_config_param,admin_002,manual,pending,development,False,MEDIUM,True,False
drift-evt-8611,2026-04-08T06:04:00Z,CLO-014,agent_status,running,restarting,admin_002,ci_cd,approved,production,True,LOW,False,False
drift-evt-ddd2,2026-05-01T13:45:00Z,IDE-060,mfa_enforced,True,expired_state,ci_cd_pipeline,manual,expired,production,False,HIGH,True,False
drift-evt-55af,2026-04-13T12:34:00Z,IDE-059,agent_status,running,weakened_state,autoscaler_bot,manual,pending,staging,False,HIGH,True,False
drift-evt-3736,2026-05-02T04:09:00Z,END-041,logging_enabled,True,expired_state,admin_002,manual,expired,staging,False,HIGH,True,False
drift-evt-aa45,2026-04-30T23:22:00Z,IDE-055,mfa_enforced,True,weakened_state,admin_002,manual,pending,production,False,HIGH,True,False
drift-evt-93bd,2026-04-29T14:29:00Z,IDE-058,inbound_rules,RESTRICTED,RESTRICTED,admin_001,automation,approved,production,False,INFO,False,False
drift-evt-64c6,2026-04-20T14:54:00Z,IDE-063,inbound_rules,RESTRICTED,expired_state,autoscaler_bot,manual,expired,production,False,MEDIUM,True,False
drift-evt-d04f,2026-04-11T12:38:00Z,END-037,encryption_strength,AES-256,AES-256,autoscaler_bot,scheduled_task,approved,development,False,LOW,False,False
drift-evt-0812,2026-05-02T14:00:00Z,CLO-011,logging_enabled,True,True,autoscaler_bot,ci_cd,approved,production,True,LOW,False,False
drift-evt-23cb,2026-04-14T22:55:00Z,NET-028,inbound_rules,RESTRICTED,TEMPORARY_VENDOR_ALLOWED,ci_cd_pipeline,scheduled_task,approved,staging,False,LOW,False,False
drift-evt-056a,2026-04-29T04:55:00Z,IDE-054,agent_status,running,restarting,ci_cd_pipeline,ci_cd,approved,staging,False,LOW,False,False
drift-evt-5793,2026-05-04T13:59:00Z,CLO-003,inbound_rules,RESTRICTED,TEMPORARY_VENDOR_ALLOWED,admin_002,scheduled_task,approved,staging,True,LOW,False,False
drift-evt-25fb,2026-04-21T14:10:00Z,END-050,mfa_enforced,True,True,admin_002,automation,approved,production,False,INFO,False,False
drift-evt-3185,2026-05-02T20:32:00Z,NET-029,agent_status,running,weakened_state,admin_002,manual,pending,production,False,HIGH,True,False
drift-evt-0ad0,2026-04-27T20:03:00Z,IDE-063,inbound_rules,RESTRICTED,TEMPORARY_VENDOR_ALLOWED,ci_cd_pipeline,scheduled_task,approved,production,False,LOW,False,False
drift-evt-87ab,2026-04-26T09:38:00Z,NET-022,encryption_strength,AES-256,modified_config_param,admin_002,manual,pending,production,False,MEDIUM,True,False
drift-evt-2713,2026-05-02T07:25:00Z,CLO-004,agent_status,running,running,admin_002,automation,approved,production,False,INFO,False,False
drift-evt-6294,2026-04-09T05:37:00Z,CLO-011,logging_enabled,True,weakened_state,admin_002,manual,pending,production,False,HIGH,True,False
drift-evt-2f42,2026-04-29T00:18:00Z,NET-024,agent_status,running,restarting,ci_cd_pipeline,scheduled_task,approved,staging,False,LOW,False,False
drift-evt-21f8,2026-04-28T16:40:00Z,END-042,encryption_strength,AES-256,AES-256,admin_001,scheduled_task,approved,staging,False,LOW,False,False
drift-evt-751a,2026-04-27T04:28:00Z,NET-033,inbound_rules,RESTRICTED,expired_state,ci_cd_pipeline,manual,expired,staging,False,MEDIUM,True,False
drift-evt-4c43,2026-05-02T13:12:00Z,CLO-007,encryption_strength,AES-256,False,admin_001,manual,pending,production,False,CRITICAL,True,False
drift-evt-4d3a,2026-04-11T02:57:00Z,CLO-006,logging_enabled,True,True,ci_cd_pipeline,ci_cd,approved,production,True,LOW,False,False
drift-evt-3e65,2026-04-14T22:27:00Z,NET-031,logging_enabled,True,expired_state,autoscaler_bot,manual,expired,development,False,HIGH,True,False
drift-evt-1250,2026-04-13T04:57:00Z,NET-028,inbound_rules,RESTRICTED,False,admin_002,manual,pending,staging,False,CRITICAL,True,False
drift-evt-559a,2026-04-24T18:56:00Z,NET-022,encryption_strength,AES-256,modified_config_param,ci_cd_pipeline,manual,pending,production,False,MEDIUM,True,False
drift-evt-fe05,2026-04-15T10:53:00Z,END-040,mfa_enforced,True,expired_state,ci_cd_pipeline,manual,expired,production,False,HIGH,True,False
drift-evt-9b88,2026-04-22T04:45:00Z,END-049,agent_status,running,weakened_state,admin_002,manual,pending,production,False,HIGH,True,False
drift-evt-2f13,2026-04-17T00:38:00Z,CLO-010,mfa_enforced,True,True,autoscaler_bot,automation,approved,production,False,INFO,False,False
drift-evt-d5a4,2026-04-21T17:25:00Z,CLO-016,logging_enabled,True,True,ci_cd_pipeline,scheduled_task,approved,production,False,LOW,False,False
drift-evt-91cf,2026-04-11T03:20:00Z,IDE-065,mfa_enforced,True,modified_config_param,admin_001,manual,pending,development,False,MEDIUM,True,False
drift-evt-7ee1,2026-04-27T02:49:00Z,IDE-063,inbound_rules,RESTRICTED,TEMPORARY_VENDOR_ALLOWED,ci_cd_pipeline,scheduled_task,approved,production,False,LOW,False,False
drift-evt-12bd,2026-04-28T22:10:00Z,CLO-020,mfa_enforced,True,modified_config_param,admin_002,manual,pending,staging,False,MEDIUM,True,False
drift-evt-039a,2026-05-01T17:54:00Z,NET-035,mfa_enforced,True,True,admin_002,scheduled_task,approved,staging,False,LOW,False,False
drift-evt-3b01,2026-05-04T23:09:00Z,NET-035,mfa_enforced,True,expired_state,admin_001,manual,expired,staging,False,HIGH,True,False
drift-evt-bd91,2026-04-11T22:40:00Z,END-036,logging_enabled,True,expired_state,admin_002,manual,expired,production,False,HIGH,True,False
drift-evt-f544,2026-04-29T03:36:00Z,END-049,agent_status,running,restarting,admin_001,ci_cd,approved,production,False,LOW,False,False
drift-evt-fab3,2026-04-16T06:38:00Z,IDE-063,inbound_rules,RESTRICTED,expired_state,autoscaler_bot,manual,expired,production,False,MEDIUM,True,False
drift-evt-7b53,2026-04-19T18:12:00Z,END-044,agent_status,running,restarting,admin_001,scheduled_task,approved,production,True,LOW,False,False
drift-evt-2cc0,2026-04-16T16:42:00Z,CLO-011,logging_enabled,True,False,autoscaler_bot,manual,pending,production,False,CRITICAL,True,False
drift-evt-3a52,2026-04-30T05:40:00Z,NET-031,logging_enabled,True,modified_config_param,admin_002,manual,pending,development,False,MEDIUM,True,False
drift-evt-ac15,2026-04-30T08:07:00Z,IDE-058,inbound_rules,RESTRICTED,PORT_8080_OPENED_ANYWHERE,ci_cd_pipeline,manual,pending,production,False,MEDIUM,True,False
drift-evt-f54a,2026-04-18T02:03:00Z,IDE-052,encryption_strength,AES-256,AES-256,autoscaler_bot,scheduled_task,approved,staging,False,LOW,False,False
drift-evt-f947,2026-05-02T03:55:00Z,END-045,mfa_enforced,True,False,admin_002,manual,pending,production,False,CRITICAL,True,False
drift-evt-de20,2026-05-03T01:11:00Z,END-043,inbound_rules,RESTRICTED,RESTRICTED,admin_001,automation,approved,production,False,INFO,False,False
drift-evt-c48f,2026-04-20T07:55:00Z,END-040,mfa_enforced,True,modified_config_param,admin_001,manual,pending,production,False,MEDIUM,True,False
drift-evt-ae7b,2026-04-16T18:22:00Z,END-041,logging_enabled,True,True,ci_cd_pipeline,ci_cd,approved,staging,True,LOW,False,False
drift-evt-4166,2026-04-30T00:53:00Z,END-036,logging_enabled,True,True,admin_001,ci_cd,approved,production,True,LOW,False,False
drift-evt-7fda,2026-04-24T10:11:00Z,NET-023,inbound_rules,RESTRICTED,TEMPORARY_VENDOR_ALLOWED,admin_001,ci_cd,approved,development,True,LOW,False,False
drift-evt-58ad,2026-04-10T11:34:00Z,END-038,inbound_rules,RESTRICTED,TEMPORARY_VENDOR_ALLOWED,autoscaler_bot,scheduled_task,approved,production,True,LOW,False,False
drift-evt-df43,2026-05-04T03:02:00Z,END-037,encryption_strength,AES-256,AES-256,admin_002,automation,approved,development,False,INFO,False,False
drift-evt-ebc4,2026-04-23T12:09:00Z,NET-024,agent_status,running,stopped,ci_cd_pipeline,manual,pending,staging,False,CRITICAL,True,False
drift-evt-2fb7,2026-04-29T17:49:00Z,CLO-015,mfa_enforced,True,True,ci_cd_pipeline,scheduled_task,approved,production,False,LOW,False,False
drift-evt-efe5,2026-04-10T10:34:00Z,CLO-020,mfa_enforced,True,True,autoscaler_bot,scheduled_task,approved,staging,True,LOW,False,False
drift-evt-e6d5,2026-04-13T09:23:00Z,IDE-054,agent_status,running,running,autoscaler_bot,automation,approved,staging,False,INFO,False,False
drift-evt-9e19,2026-04-25T07:29:00Z,IDE-058,inbound_rules,RESTRICTED,expired_state,admin_002,manual,expired,production,False,MEDIUM,True,False
drift-evt-7d97,2026-05-04T18:50:00Z,IDE-055,mfa_enforced,True,True,admin_001,ci_cd,approved,production,True,LOW,False,False
drift-evt-1a6a,2026-04-17T10:58:00Z,NET-028,inbound_rules,RESTRICTED,RESTRICTED,admin_001,automation,approved,staging,False,INFO,False,False
drift-evt-5409,2026-04-15T03:33:00Z,NET-031,logging_enabled,True,modified_config_param,autoscaler_bot,manual,pending,development,False,MEDIUM,True,False
drift-evt-7cf2,2026-04-15T02:59:00Z,CLO-001,logging_enabled,True,weakened_state,admin_002,manual,pending,production,False,HIGH,True,False
drift-evt-264f,2026-05-05T00:37:00Z,IDE-061,logging_enabled,True,False,admin_001,manual,pending,production,False,CRITICAL,True,False
drift-evt-d773,2026-04-21T02:42:00Z,END-037,encryption_strength,AES-256,AES-256,admin_002,ci_cd,approved,development,True,LOW,False,False
drift-evt-c176,2026-05-04T20:13:00Z,NET-026,logging_enabled,True,True,admin_002,automation,approved,production,False,INFO,False,False
drift-evt-f207,2026-04-18T05:34:00Z,CLO-020,mfa_enforced,True,True,admin_001,ci_cd,approved,staging,True,LOW,False,False
drift-evt-6739,2026-04-22T00:00:00Z,END-037,encryption_strength,AES-256,AES-256,admin_002,ci_cd,approved,development,False,LOW,False,False
drift-evt-8216,2026-04-26T07:39:00Z,NET-035,mfa_enforced,True,modified_config_param,admin_002,manual,pending,staging,False,MEDIUM,True,False
drift-evt-83bb,2026-05-05T05:13:00Z,CLO-006,logging_enabled,True,True,admin_002,scheduled_task,approved,production,False,LOW,False,False
drift-evt-e333,2026-04-18T10:03:00Z,CLO-003,inbound_rules,RESTRICTED,TEMPORARY_VENDOR_ALLOWED,admin_001,ci_cd,approved,staging,True,LOW,False,False
drift-evt-ca2a,2026-04-28T03:02:00Z,END-036,logging_enabled,True,False,autoscaler_bot,manual,pending,production,False,CRITICAL,True,False
drift-evt-271f,2026-04-27T20:07:00Z,IDE-063,inbound_rules,RESTRICTED,RESTRICTED,ci_cd_pipeline,automation,approved,production,False,INFO,False,False
drift-evt-ebaf,2026-04-26T14:02:00Z,END-043,inbound_rules,RESTRICTED,False,admin_001,manual,pending,production,False,CRITICAL,True,False
drift-evt-0d01,2026-04-15T07:40:00Z,END-043,inbound_rules,RESTRICTED,PORT_8080_OPENED_ANYWHERE,admin_002,manual,pending,production,False,MEDIUM,True,False
drift-evt-e486,2026-04-21T02:49:00Z,IDE-052,encryption_strength,AES-256,modified_config_param,ci_cd_pipeline,manual,pending,staging,False,MEDIUM,True,False
drift-evt-8dea,2026-04-22T07:33:00Z,NET-033,inbound_rules,RESTRICTED,False,admin_001,manual,pending,staging,False,CRITICAL,True,False
drift-evt-e602,2026-04-26T09:29:00Z,CLO-001,logging_enabled,True,True,admin_002,scheduled_task,approved,production,True,LOW,False,False
drift-evt-5c64,2026-04-24T11:10:00Z,IDE-064,agent_status,running,restarting,admin_002,ci_cd,approved,development,True,LOW,False,False
drift-evt-b390,2026-04-13T23:07:00Z,END-037,encryption_strength,AES-256,AES-256,admin_002,scheduled_task,approved,development,True,LOW,False,False
drift-evt-7d66,2026-05-05T17:04:00Z,NET-031,logging_enabled,True,True,autoscaler_bot,scheduled_task,approved,development,True,LOW,False,False
drift-evt-87d1,2026-04-12T05:49:00Z,NET-029,agent_status,running,weakened_state,ci_cd_pipeline,manual,pending,production,False,HIGH,True,False
drift-evt-fd8d,2026-04-13T08:19:00Z,CLO-020,mfa_enforced,True,False,admin_002,manual,pending,staging,False,CRITICAL,True,False
drift-evt-7e76,2026-04-21T06:48:00Z,NET-035,mfa_enforced,True,True,admin_002,automation,approved,staging,False,INFO,False,False
drift-evt-060d,2026-04-29T11:48:00Z,NET-032,encryption_strength,AES-256,expired_state,admin_002,manual,expired,production,False,MEDIUM,True,False
drift-evt-3be3,2026-04-25T10:59:00Z,NET-025,mfa_enforced,True,weakened_state,autoscaler_bot,manual,pending,staging,False,HIGH,True,False
drift-evt-7fd1,2026-04-20T13:45:00Z,IDE-054,agent_status,running,expired_state,admin_001,manual,expired,staging,False,HIGH,True,False
drift-evt-d980,2026-05-01T02:36:00Z,NET-035,mfa_enforced,True,True,ci_cd_pipeline,automation,approved,staging,False,INFO,False,False
drift-evt-eef9,2026-04-21T14:07:00Z,IDE-063,inbound_rules,RESTRICTED,TEMPORARY_VENDOR_ALLOWED,autoscaler_bot,scheduled_task,approved,production,False,LOW,False,False
drift-evt-fb2f,2026-05-03T02:51:00Z,END-049,agent_status,running,restarting,admin_002,scheduled_task,approved,production,True,LOW,False,False
drift-evt-c5e0,2026-04-18T20:51:00Z,END-050,mfa_enforced,True,True,autoscaler_bot,automation,approved,production,False,INFO,False,False
drift-evt-2720,2026-04-26T16:41:00Z,CLO-006,logging_enabled,True,expired_state,admin_001,manual,expired,production,False,HIGH,True,False
drift-evt-562b,2026-04-25T08:25:00Z,END-050,mfa_enforced,True,modified_config_param,autoscaler_bot,manual,pending,production,False,MEDIUM,True,False
drift-evt-5877,2026-04-09T16:27:00Z,CLO-017,encryption_strength,AES-256,False,admin_001,manual,pending,development,False,CRITICAL,True,False
drift-evt-d6e0,2026-04-28T00:56:00Z,CLO-013,inbound_rules,RESTRICTED,expired_state,admin_002,manual,expired,production,False,MEDIUM,True,False
drift-evt-cc8e,2026-04-14T13:28:00Z,IDE-053,inbound_rules,RESTRICTED,TEMPORARY_VENDOR_ALLOWED,autoscaler_bot,ci_cd,approved,development,False,LOW,False,False
drift-evt-23e4,2026-04-20T01:29:00Z,END-044,agent_status,running,expired_state,admin_002,manual,expired,production,False,HIGH,True,False
drift-evt-3b1f,2026-04-22T22:53:00Z,END-049,agent_status,running,modified_config_param,admin_001,manual,pending,production,False,MEDIUM,True,False
drift-evt-8271,2026-04-30T04:59:00Z,CLO-005,mfa_enforced,True,modified_config_param,ci_cd_pipeline,manual,pending,production,False,MEDIUM,True,False
drift-evt-7f01,2026-04-21T01:54:00Z,NET-030,mfa_enforced,True,True,ci_cd_pipeline,scheduled_task,approved,production,True,LOW,False,False
drift-evt-2eeb,2026-04-12T13:47:00Z,IDE-057,encryption_strength,AES-256,expired_state,autoscaler_bot,manual,expired,staging,False,MEDIUM,True,False
drift-evt-3580,2026-04-09T07:38:00Z,CLO-006,logging_enabled,True,modified_config_param,admin_001,manual,pending,production,False,MEDIUM,True,False
drift-evt-fbd7,2026-04-21T08:27:00Z,END-046,logging_enabled,True,expired_state,admin_001,manual,expired,production,False,HIGH,True,False
drift-evt-1ad4,2026-04-19T02:44:00Z,IDE-053,inbound_rules,RESTRICTED,TEMPORARY_VENDOR_ALLOWED,autoscaler_bot,ci_cd,approved,development,True,LOW,False,False
drift-evt-c105,2026-04-25T09:51:00Z,NET-031,logging_enabled,True,True,admin_002,ci_cd,approved,development,True,LOW,False,False
drift-evt-b338,2026-04-19T13:25:00Z,IDE-059,agent_status,running,stopped,admin_001,manual,pending,staging,False,CRITICAL,True,False
drift-evt-df0e,2026-04-29T04:11:00Z,END-037,encryption_strength,AES-256,modified_config_param,autoscaler_bot,manual,pending,development,False,MEDIUM,True,False
drift-evt-7028,2026-04-23T17:27:00Z,END-039,agent_status,running,restarting,admin_002,scheduled_task,approved,development,False,LOW,False,False
drift-evt-b43d,2026-04-17T01:36:00Z,END-050,mfa_enforced,True,expired_state,admin_002,manual,expired,production,False,HIGH,True,False
drift-evt-782e,2026-04-25T08:34:00Z,END-046,logging_enabled,True,True,admin_001,scheduled_task,approved,production,True,LOW,False,False
drift-evt-df41,2026-04-26T00:20:00Z,END-036,logging_enabled,True,True,ci_cd_pipeline,automation,approved,production,False,INFO,False,False
drift-evt-58be,2026-04-10T05:35:00Z,IDE-064,agent_status,running,weakened_state,admin_001,manual,pending,development,False,HIGH,True,False
drift-evt-0ada,2026-04-18T11:22:00Z,END-046,logging_enabled,True,expired_state,autoscaler_bot,manual,expired,production,False,HIGH,True,False
drift-evt-13d0,2026-04-19T09:46:00Z,CLO-018,inbound_rules,RESTRICTED,PORT_8080_OPENED_ANYWHERE,ci_cd_pipeline,manual,pending,production,False,MEDIUM,True,False
drift-evt-2523,2026-04-09T19:04:00Z,END-040,mfa_enforced,True,True,admin_002,automation,approved,production,False,INFO,False,False
drift-evt-dada,2026-04-24T14:32:00Z,CLO-017,encryption_strength,AES-256,AES-256,ci_cd_pipeline,scheduled_task,approved,development,False,LOW,False,False
drift-evt-d5fb,2026-04-15T23:51:00Z,NET-026,logging_enabled,True,modified_config_param,autoscaler_bot,manual,pending,production,False,MEDIUM,True,False
drift-evt-71d4,2026-04-24T15:37:00Z,IDE-065,mfa_enforced,True,expired_state,admin_001,manual,expired,development,False,HIGH,True,False
drift-evt-e2c2,2026-04-19T16:41:00Z,IDE-062,encryption_strength,AES-256,expired_state,admin_001,manual,expired,production,False,MEDIUM,True,False
drift-evt-d5ba,2026-04-23T09:59:00Z,CLO-015,mfa_enforced,True,modified_config_param,admin_002,manual,pending,production,False,MEDIUM,True,False
drift-evt-d0c6,2026-04-14T09:45:00Z,NET-029,agent_status,running,running,admin_002,automation,approved,production,False,INFO,False,False
drift-evt-3438,2026-05-03T08:45:00Z,END-047,encryption_strength,AES-256,AES-256,ci_cd_pipeline,automation,approved,staging,False,INFO,False,False
drift-evt-234c,2026-04-08T15:13:00Z,NET-034,agent_status,running,expired_state,ci_cd_pipeline,manual,expired,staging,False,HIGH,True,False
drift-evt-f402,2026-04-19T22:22:00Z,END-049,agent_status,running,stopped,admin_001,manual,pending,production,False,CRITICAL,True,False
drift-evt-fa88,2026-04-18T15:24:00Z,IDE-061,logging_enabled,True,True,ci_cd_pipeline,scheduled_task,approved,production,True,LOW,False,False
drift-evt-6194,2026-04-29T03:07:00Z,END-039,agent_status,running,modified_config_param,admin_002,manual,pending,development,False,MEDIUM,True,False
drift-evt-3ec3,2026-04-10T01:32:00Z,CLO-005,mfa_enforced,True,True,admin_001,scheduled_task,approved,production,True,LOW,False,False
drift-evt-4a85,2026-05-02T11:09:00Z,CLO-018,inbound_rules,RESTRICTED,TEMPORARY_VENDOR_ALLOWED,admin_002,scheduled_task,approved,production,False,LOW,False,False
drift-evt-0102,2026-05-02T14:03:00Z,IDE-054,agent_status,running,modified_config_param,autoscaler_bot,manual,pending,staging,False,MEDIUM,True,False
drift-evt-c63e,2026-04-12T12:10:00Z,IDE-063,inbound_rules,RESTRICTED,RESTRICTED,admin_002,automation,approved,production,False,INFO,False,False
drift-evt-499b,2026-04-20T17:34:00Z,CLO-005,mfa_enforced,True,True,admin_001,automation,approved,production,False,INFO,False,False
drift-evt-3e83,2026-04-28T05:44:00Z,NET-031,logging_enabled,True,True,admin_001,ci_cd,approved,development,False,LOW,False,False
drift-evt-24b4,2026-04-24T07:47:00Z,CLO-008,inbound_rules,RESTRICTED,weakened_state,admin_002,manual,pending,production,False,HIGH,True,False
drift-evt-02a1,2026-04-13T13:26:00Z,IDE-059,agent_status,running,restarting,ci_cd_pipeline,ci_cd,approved,staging,True,LOW,False,False
drift-evt-3465,2026-04-23T04:17:00Z,NET-032,encryption_strength,AES-256,AES-256,autoscaler_bot,ci_cd,approved,production,True,LOW,False,False
drift-evt-278b,2026-05-03T05:21:00Z,NET-027,encryption_strength,AES-256,expired_state,autoscaler_bot,manual,expired,production,False,MEDIUM,True,False
drift-evt-4747,2026-04-18T14:30:00Z,END-043,inbound_rules,RESTRICTED,expired_state,autoscaler_bot,manual,expired,production,False,MEDIUM,True,False
drift-evt-39b5,2026-05-05T02:59:00Z,CLO-001,logging_enabled,True,expired_state,admin_001,manual,expired,production,False,HIGH,True,False
drift-evt-3885,2026-04-14T14:03:00Z,CLO-017,encryption_strength,AES-256,expired_state,admin_001,manual,expired,development,False,MEDIUM,True,False
drift-evt-aee4,2026-04-13T00:05:00Z,CLO-004,agent_status,running,expired_state,autoscaler_bot,manual,expired,production,False,HIGH,True,False
drift-evt-f92e,2026-04-18T19:54:00Z,END-042,encryption_strength,AES-256,AES-256,ci_cd_pipeline,ci_cd,approved,staging,False,LOW,False,False
drift-evt-34b8,2026-04-27T03:49:00Z,CLO-015,mfa_enforced,True,True,ci_cd_pipeline,scheduled_task,approved,production,False,LOW,False,False
drift-evt-3ed9,2026-05-01T08:36:00Z,CLO-014,agent_status,running,expired_state,admin_002,manual,expired,production,False,HIGH,True,False
drift-evt-987a,2026-04-09T23:22:00Z,END-039,agent_status,running,stopped,admin_002,manual,pending,development,False,CRITICAL,True,False
drift-evt-4f83,2026-04-09T10:02:00Z,CLO-008,inbound_rules,RESTRICTED,PORT_8080_OPENED_ANYWHERE,admin_002,manual,pending,production,False,MEDIUM,True,False
drift-evt-b3b5,2026-04-27T09:37:00Z,CLO-014,agent_status,running,expired_state,admin_002,manual,expired,production,False,HIGH,True,False
drift-evt-49b8,2026-04-28T04:30:00Z,CLO-010,mfa_enforced,True,modified_config_param,ci_cd_pipeline,manual,pending,production,False,MEDIUM,True,False
drift-evt-70de,2026-04-14T18:02:00Z,CLO-009,agent_status,running,restarting,autoscaler_bot,scheduled_task,approved,development,False,LOW,False,False
drift-evt-9422,2026-05-05T04:31:00Z,END-038,inbound_rules,RESTRICTED,TEMPORARY_VENDOR_ALLOWED,admin_002,scheduled_task,approved,production,True,LOW,False,False
drift-evt-3c86,2026-04-13T04:59:00Z,NET-028,inbound_rules,RESTRICTED,expired_state,admin_002,manual,expired,staging,False,MEDIUM,True,False
drift-evt-65a0,2026-04-18T09:35:00Z,IDE-053,inbound_rules,RESTRICTED,False,admin_001,manual,pending,development,False,CRITICAL,True,False
drift-evt-2b0d,2026-04-26T03:32:00Z,IDE-054,agent_status,running,expired_state,ci_cd_pipeline,manual,expired,staging,False,HIGH,True,False
drift-evt-f1e2,2026-04-22T05:22:00Z,NET-033,inbound_rules,RESTRICTED,TEMPORARY_VENDOR_ALLOWED,admin_001,ci_cd,approved,staging,False,LOW,False,False
drift-evt-50c6,2026-04-11T21:15:00Z,CLO-012,encryption_strength,AES-256,AES-256,admin_002,ci_cd,approved,production,False,LOW,False,False
drift-evt-8724,2026-05-03T07:43:00Z,CLO-008,inbound_rules,RESTRICTED,expired_state,admin_001,manual,expired,production,False,MEDIUM,True,False
drift-evt-79c7,2026-04-26T16:43:00Z,END-046,logging_enabled,True,modified_config_param,admin_002,manual,pending,production,False,MEDIUM,True,False
drift-evt-376b,2026-04-10T08:12:00Z,END-037,encryption_strength,AES-256,expired_state,admin_001,manual,expired,development,False,MEDIUM,True,False
drift-evt-b796,2026-05-04T07:15:00Z,IDE-065,mfa_enforced,True,True,autoscaler_bot,ci_cd,approved,development,False,LOW,False,False
drift-evt-f2ad,2026-04-12T22:13:00Z,END-045,mfa_enforced,True,True,admin_001,ci_cd,approved,production,False,LOW,False,False
drift-evt-4a73,2026-04-27T12:43:00Z,CLO-004,agent_status,running,weakened_state,admin_001,manual,pending,production,False,HIGH,True,False
drift-evt-27d7,2026-04-20T10:30:00Z,END-040,mfa_enforced,True,True,admin_001,scheduled_task,approved,production,True,LOW,False,False
drift-evt-06a6,2026-04-14T12:29:00Z,IDE-052,encryption_strength,AES-256,AES-256,ci_cd_pipeline,ci_cd,approved,staging,True,LOW,False,False
drift-evt-c633,2026-05-02T03:26:00Z,NET-028,inbound_rules,RESTRICTED,TEMPORARY_VENDOR_ALLOWED,admin_002,scheduled_task,approved,staging,False,LOW,False,False
drift-evt-557f,2026-04-24T20:12:00Z,END-040,mfa_enforced,True,True,admin_001,ci_cd,approved,production,True,LOW,False,False
drift-evt-547d,2026-04-10T06:22:00Z,CLO-011,logging_enabled,True,True,admin_001,scheduled_task,approved,production,False,LOW,False,False
drift-evt-51f8,2026-04-28T02:50:00Z,IDE-054,agent_status,running,stopped,admin_001,manual,pending,staging,False,CRITICAL,True,False
drift-evt-c667,2026-05-01T07:38:00Z,CLO-015,mfa_enforced,True,True,admin_001,scheduled_task,approved,production,True,LOW,False,False
drift-evt-3851,2026-05-04T23:52:00Z,IDE-063,inbound_rules,RESTRICTED,TEMPORARY_VENDOR_ALLOWED,admin_001,ci_cd,approved,production,True,LOW,False,False
drift-evt-4fdd,2026-05-05T06:38:00Z,CLO-008,inbound_rules,RESTRICTED,TEMPORARY_VENDOR_ALLOWED,ci_cd_pipeline,ci_cd,approved,production,False,LOW,False,False
drift-evt-b823,2026-04-14T05:54:00Z,NET-033,inbound_rules,RESTRICTED,RESTRICTED,admin_001,automation,approved,staging,False,INFO,False,False
drift-evt-86ef,2026-04-08T08:27:00Z,IDE-064,agent_status,running,restarting,admin_002,ci_cd,approved,development,True,LOW,False,False
drift-evt-31ff,2026-04-18T11:21:00Z,IDE-065,mfa_enforced,True,True,admin_001,ci_cd,approved,development,False,LOW,False,False
drift-evt-473e,2026-04-09T22:13:00Z,IDE-056,logging_enabled,True,expired_state,ci_cd_pipeline,manual,expired,staging,False,HIGH,True,False
drift-evt-2eee,2026-04-11T13:03:00Z,END-041,logging_enabled,True,False,admin_002,manual,pending,staging,False,CRITICAL,True,False
drift-evt-f5ed,2026-04-27T00:14:00Z,END-038,inbound_rules,RESTRICTED,weakened_state,ci_cd_pipeline,manual,pending,production,False,HIGH,True,False
drift-evt-f6ad,2026-04-22T18:45:00Z,NET-022,encryption_strength,AES-256,AES-256,admin_002,scheduled_task,approved,production,True,LOW,False,False
drift-evt-0ef7,2026-04-12T19:38:00Z,NET-032,encryption_strength,AES-256,AES-256,admin_002,scheduled_task,approved,production,True,LOW,False,False
drift-evt-5a32,2026-04-22T02:55:00Z,END-044,agent_status,running,restarting,autoscaler_bot,scheduled_task,approved,production,True,LOW,False,False
drift-evt-dc39,2026-04-13T04:33:00Z,NET-025,mfa_enforced,True,True,admin_001,scheduled_task,approved,staging,True,LOW,False,False
drift-evt-6b72,2026-04-14T15:58:00Z,NET-033,inbound_rules,RESTRICTED,TEMPORARY_VENDOR_ALLOWED,autoscaler_bot,ci_cd,approved,staging,True,LOW,False,False
drift-evt-ae1c,2026-04-11T10:19:00Z,NET-023,inbound_rules,RESTRICTED,expired_state,admin_002,manual,expired,development,False,MEDIUM,True,False
drift-evt-1f41,2026-05-03T15:45:00Z,IDE-058,inbound_rules,RESTRICTED,False,admin_001,manual,pending,production,False,CRITICAL,True,False
drift-evt-d85b,2026-04-22T09:19:00Z,CLO-020,mfa_enforced,True,expired_state,admin_002,manual,expired,staging,False,HIGH,True,False
drift-evt-5c99,2026-04-28T03:01:00Z,END-039,agent_status,running,restarting,admin_001,ci_cd,approved,development,False,LOW,False,False
drift-evt-5008,2026-04-22T03:03:00Z,IDE-060,mfa_enforced,True,False,admin_002,manual,pending,production,False,CRITICAL,True,False
drift-evt-51f7,2026-04-24T18:46:00Z,END-037,encryption_strength,AES-256,AES-256,ci_cd_pipeline,ci_cd,approved,development,False,LOW,False,False
drift-evt-2d31,2026-05-03T05:28:00Z,CLO-006,logging_enabled,True,False,admin_002,manual,pending,production,False,CRITICAL,True,False
drift-evt-a7d0,2026-05-04T00:25:00Z,NET-025,mfa_enforced,True,True,admin_001,automation,approved,staging,False,INFO,False,False
drift-evt-c2cd,2026-04-30T19:38:00Z,CLO-020,mfa_enforced,True,weakened_state,ci_cd_pipeline,manual,pending,staging,False,HIGH,True,False
drift-evt-395a,2026-04-23T15:08:00Z,CLO-011,logging_enabled,True,False,autoscaler_bot,manual,pending,production,False,CRITICAL,True,False
drift-evt-cefb,2026-04-27T22:09:00Z,IDE-057,encryption_strength,AES-256,AES-256,autoscaler_bot,scheduled_task,approved,staging,False,LOW,False,False
drift-evt-d40a,2026-04-25T15:10:00Z,IDE-053,inbound_rules,RESTRICTED,RESTRICTED,admin_001,automation,approved,development,False,INFO,False,False
drift-evt-4d21,2026-04-10T09:12:00Z,END-043,inbound_rules,RESTRICTED,PORT_8080_OPENED_ANYWHERE,ci_cd_pipeline,manual,pending,production,False,MEDIUM,True,False
drift-evt-081d,2026-05-03T09:27:00Z,END-050,mfa_enforced,True,True,admin_001,scheduled_task,approved,production,True,LOW,False,False
drift-evt-86fd,2026-05-04T12:31:00Z,CLO-019,agent_status,running,restarting,admin_001,scheduled_task,approved,development,False,LOW,False,False
drift-evt-fcf0,2026-04-11T20:33:00Z,END-040,mfa_enforced,True,True,admin_002,scheduled_task,approved,production,True,LOW,False,False
drift-evt-c3a8,2026-05-01T22:58:00Z,CLO-012,encryption_strength,AES-256,modified_config_param,admin_002,manual,pending,production,False,MEDIUM,True,False
drift-evt-32b7,2026-04-08T19:55:00Z,END-047,encryption_strength,AES-256,False,admin_001,manual,pending,staging,False,CRITICAL,True,False
drift-evt-1907,2026-04-17T17:58:00Z,END-044,agent_status,running,restarting,admin_002,ci_cd,approved,production,True,LOW,False,False
drift-evt-14f7,2026-04-15T01:15:00Z,CLO-010,mfa_enforced,True,True,admin_001,automation,approved,production,False,INFO,False,False
drift-evt-61c4,2026-04-12T14:29:00Z,IDE-065,mfa_enforced,True,expired_state,ci_cd_pipeline,manual,expired,development,False,HIGH,True,False
drift-evt-daec,2026-04-13T23:09:00Z,END-049,agent_status,running,modified_config_param,autoscaler_bot,manual,pending,production,False,MEDIUM,True,False
drift-evt-e33c,2026-04-15T12:49:00Z,IDE-057,encryption_strength,AES-256,AES-256,ci_cd_pipeline,scheduled_task,approved,staging,False,LOW,False,False
drift-evt-5b07,2026-04-18T19:27:00Z,IDE-057,encryption_strength,AES-256,modified_config_param,admin_001,manual,pending,staging,False,MEDIUM,True,False
drift-evt-e1a9,2026-04-28T10:21:00Z,NET-030,mfa_enforced,True,expired_state,autoscaler_bot,manual,expired,production,False,HIGH,True,False
drift-evt-d1a5,2026-04-29T08:18:00Z,NET-025,mfa_enforced,True,True,admin_001,scheduled_task,approved,staging,False,LOW,False,False
drift-evt-2d6f,2026-04-25T09:07:00Z,IDE-065,mfa_enforced,True,expired_state,admin_002,manual,expired,development,False,HIGH,True,False
drift-evt-b950,2026-04-17T02:08:00Z,CLO-018,inbound_rules,RESTRICTED,RESTRICTED,admin_001,automation,approved,production,False,INFO,False,False
drift-evt-3329,2026-04-29T20:56:00Z,END-048,inbound_rules,RESTRICTED,TEMPORARY_VENDOR_ALLOWED,ci_cd_pipeline,ci_cd,approved,production,False,LOW,False,False
drift-evt-4daf,2026-04-15T07:07:00Z,NET-035,mfa_enforced,True,True,admin_002,ci_cd,approved,staging,False,LOW,False,False
drift-evt-b1d7,2026-04-18T02:32:00Z,IDE-058,inbound_rules,RESTRICTED,TEMPORARY_VENDOR_ALLOWED,admin_001,ci_cd,approved,production,False,LOW,False,False
drift-evt-fc23,2026-04-30T20:20:00Z,END-048,inbound_rules,RESTRICTED,TEMPORARY_VENDOR_ALLOWED,autoscaler_bot,scheduled_task,approved,production,True,LOW,False,False
drift-evt-5bcf,2026-04-09T06:48:00Z,END-041,logging_enabled,True,True,ci_cd_pipeline,scheduled_task,approved,staging,True,LOW,False,False
drift-evt-f938,2026-04-21T01:21:00Z,IDE-061,logging_enabled,True,True,autoscaler_bot,scheduled_task,approved,production,False,LOW,False,False
drift-evt-899e,2026-04-11T14:33:00Z,CLO-003,inbound_rules,RESTRICTED,weakened_state,admin_001,manual,pending,staging,False,HIGH,True,False
drift-evt-4765,2026-04-14T19:19:00Z,IDE-055,mfa_enforced,True,True,ci_cd_pipeline,scheduled_task,approved,production,True,LOW,False,False
drift-evt-7b26,2026-04-10T04:10:00Z,NET-031,logging_enabled,True,True,admin_002,scheduled_task,approved,development,True,LOW,False,False
drift-evt-bc97,2026-04-30T17:57:00Z,CLO-003,inbound_rules,RESTRICTED,TEMPORARY_VENDOR_ALLOWED,autoscaler_bot,ci_cd,approved,staging,False,LOW,False,False
drift-evt-99d5,2026-04-24T01:23:00Z,NET-031,logging_enabled,True,True,admin_002,ci_cd,approved,development,True,LOW,False,False
drift-evt-292d,2026-04-24T09:53:00Z,CLO-009,agent_status,running,weakened_state,ci_cd_pipeline,manual,pending,development,False,HIGH,True,False
drift-evt-2360,2026-04-29T09:31:00Z,CLO-006,logging_enabled,True,True,admin_002,scheduled_task,approved,production,False,LOW,False,False
drift-evt-9873,2026-04-24T06:03:00Z,CLO-009,agent_status,running,modified_config_param,admin_001,manual,pending,development,False,MEDIUM,True,False
drift-evt-87b1,2026-04-12T17:14:00Z,END-043,inbound_rules,RESTRICTED,TEMPORARY_VENDOR_ALLOWED,autoscaler_bot,ci_cd,approved,production,False,LOW,False,False
drift-evt-9270,2026-04-15T23:15:00Z,IDE-060,mfa_enforced,True,weakened_state,admin_002,manual,pending,production,False,HIGH,True,False
drift-evt-e95d,2026-04-14T03:18:00Z,CLO-009,agent_status,running,modified_config_param,admin_002,manual,pending,development,False,MEDIUM,True,False
drift-evt-4c7b,2026-04-17T04:12:00Z,CLO-006,logging_enabled,True,True,autoscaler_bot,ci_cd,approved,production,False,LOW,False,False
drift-evt-0c98,2026-05-01T10:57:00Z,IDE-051,logging_enabled,True,True,admin_002,automation,approved,development,False,INFO,False,False
drift-evt-9d06,2026-04-16T16:45:00Z,END-037,encryption_strength,AES-256,AES-256,admin_001,ci_cd,approved,development,False,LOW,False,False
drift-evt-f9bf,2026-04-24T17:59:00Z,IDE-056,logging_enabled,True,True,admin_002,scheduled_task,approved,staging,False,LOW,False,False
drift-evt-7ee2,2026-04-16T12:04:00Z,IDE-064,agent_status,running,restarting,admin_002,scheduled_task,approved,development,False,LOW,False,False
drift-evt-c743,2026-04-27T07:41:00Z,CLO-011,logging_enabled,True,expired_state,admin_002,manual,expired,production,False,HIGH,True,False
drift-evt-a8a7,2026-04-16T05:07:00Z,END-038,inbound_rules,RESTRICTED,weakened_state,admin_001,manual,pending,production,False,HIGH,True,False
drift-evt-7f78,2026-04-22T22:11:00Z,END-038,inbound_rules,RESTRICTED,TEMPORARY_VENDOR_ALLOWED,admin_001,scheduled_task,approved,production,False,LOW,False,False
drift-evt-4af9,2026-04-28T04:52:00Z,END-045,mfa_enforced,True,True,admin_002,ci_cd,approved,production,False,LOW,False,False
drift-evt-d5ec,2026-04-27T19:05:00Z,END-036,logging_enabled,True,weakened_state,ci_cd_pipeline,manual,pending,production,False,HIGH,True,False
drift-evt-4eee,2026-04-26T11:42:00Z,END-047,encryption_strength,AES-256,AES-256,autoscaler_bot,ci_cd,approved,staging,True,LOW,False,False
drift-evt-e64c,2026-04-27T22:37:00Z,CLO-005,mfa_enforced,True,expired_state,autoscaler_bot,manual,expired,production,False,HIGH,True,False
drift-evt-4123,2026-04-24T16:08:00Z,END-047,encryption_strength,AES-256,AES-256,admin_002,ci_cd,approved,staging,True,LOW,False,False
drift-evt-f020,2026-04-24T21:12:00Z,END-048,inbound_rules,RESTRICTED,PORT_8080_OPENED_ANYWHERE,admin_002,manual,pending,production,False,MEDIUM,True,False
drift-evt-e56c,2026-05-04T02:53:00Z,CLO-018,inbound_rules,RESTRICTED,expired_state,admin_001,manual,expired,production,False,MEDIUM,True,False
drift-evt-4711,2026-04-20T16:25:00Z,NET-032,encryption_strength,AES-256,AES-256,ci_cd_pipeline,ci_cd,approved,production,True,LOW,False,False
drift-evt-5142,2026-04-25T14:42:00Z,CLO-016,logging_enabled,True,False,admin_001,manual,pending,production,False,CRITICAL,True,False
drift-evt-e9b9,2026-04-28T07:27:00Z,NET-028,inbound_rules,RESTRICTED,expired_state,admin_001,manual,expired,staging,False,MEDIUM,True,False
drift-evt-ad5c,2026-04-30T08:32:00Z,NET-026,logging_enabled,True,modified_config_param,ci_cd_pipeline,manual,pending,production,False,MEDIUM,True,False
drift-evt-77b3,2026-04-11T08:54:00Z,IDE-058,inbound_rules,RESTRICTED,TEMPORARY_VENDOR_ALLOWED,autoscaler_bot,scheduled_task,approved,production,True,LOW,False,False
drift-evt-d811,2026-04-22T13:05:00Z,END-045,mfa_enforced,True,expired_state,ci_cd_pipeline,manual,expired,production,False,HIGH,True,False
drift-evt-cb90,2026-04-21T05:10:00Z,END-039,agent_status,running,weakened_state,autoscaler_bot,manual,pending,development,False,HIGH,True,False
drift-evt-d9b7,2026-04-15T22:10:00Z,END-047,encryption_strength,AES-256,modified_config_param,autoscaler_bot,manual,pending,staging,False,MEDIUM,True,False
drift-evt-cf44,2026-04-17T03:32:00Z,CLO-018,inbound_rules,RESTRICTED,TEMPORARY_VENDOR_ALLOWED,autoscaler_bot,scheduled_task,approved,production,True,LOW,False,False
drift-evt-8d66,2026-05-04T01:05:00Z,END-048,inbound_rules,RESTRICTED,TEMPORARY_VENDOR_ALLOWED,admin_002,ci_cd,approved,production,True,LOW,False,False
drift-evt-95d6,2026-04-26T02:54:00Z,IDE-062,encryption_strength,AES-256,AES-256,admin_002,scheduled_task,approved,production,True,LOW,False,False
drift-evt-7d74,2026-04-22T10:17:00Z,CLO-010,mfa_enforced,True,True,admin_002,scheduled_task,approved,production,False,LOW,False,False
drift-evt-106a,2026-05-03T02:11:00Z,NET-024,agent_status,running,restarting,autoscaler_bot,scheduled_task,approved,staging,True,LOW,False,False
drift-evt-56b4,2026-05-01T13:55:00Z,CLO-020,mfa_enforced,True,expired_state,admin_001,manual,expired,staging,False,HIGH,True,False
drift-evt-f790,2026-04-22T16:26:00Z,NET-029,agent_status,running,restarting,admin_001,scheduled_task,approved,production,True,LOW,False,False
drift-evt-5ed0,2026-05-03T01:40:00Z,END-036,logging_enabled,True,True,autoscaler_bot,scheduled_task,approved,production,True,LOW,False,False
drift-evt-1101,2026-04-15T16:12:00Z,CLO-020,mfa_enforced,True,False,autoscaler_bot,manual,pending,staging,False,CRITICAL,True,False
drift-evt-7b1f,2026-05-05T12:59:00Z,END-044,agent_status,running,modified_config_param,ci_cd_pipeline,manual,pending,production,False,MEDIUM,True,False
drift-evt-79ad,2026-04-09T07:00:00Z,CLO-011,logging_enabled,True,expired_state,ci_cd_pipeline,manual,expired,production,False,HIGH,True,False
drift-evt-8c89,2026-05-04T06:00:00Z,NET-034,agent_status,running,running,autoscaler_bot,automation,approved,staging,False,INFO,False,False
drift-evt-4f90,2026-04-26T23:02:00Z,CLO-004,agent_status,running,expired_state,admin_002,manual,expired,production,False,HIGH,True,False
drift-evt-e5fe,2026-05-02T19:55:00Z,END-038,inbound_rules,RESTRICTED,RESTRICTED,admin_001,automation,approved,production,False,INFO,False,False
drift-evt-9ddb,2026-04-26T11:34:00Z,END-039,agent_status,running,stopped,admin_002,manual,pending,development,False,CRITICAL,True,False
drift-evt-6e60,2026-04-10T17:27:00Z,NET-021,logging_enabled,True,True,admin_002,scheduled_task,approved,production,False,LOW,False,False
drift-evt-df33,2026-04-23T11:35:00Z,CLO-019,agent_status,running,stopped,admin_001,manual,pending,development,False,CRITICAL,True,False
drift-evt-daef,2026-04-22T12:47:00Z,END-045,mfa_enforced,True,expired_state,admin_002,manual,expired,production,False,HIGH,True,False
drift-evt-627c,2026-04-24T20:44:00Z,CLO-014,agent_status,running,restarting,admin_001,ci_cd,approved,production,False,LOW,False,False
drift-evt-de48,2026-04-28T11:05:00Z,NET-032,encryption_strength,AES-256,AES-256,autoscaler_bot,ci_cd,approved,production,True,LOW,False,False
drift-evt-df4a,2026-04-25T11:36:00Z,IDE-054,agent_status,running,restarting,autoscaler_bot,ci_cd,approved,staging,False,LOW,False,False
drift-evt-d9ef,2026-04-22T05:35:00Z,NET-025,mfa_enforced,True,True,autoscaler_bot,automation,approved,staging,False,INFO,False,False
drift-evt-9fe7,2026-05-01T10:14:00Z,IDE-060,mfa_enforced,True,False,admin_002,manual,pending,production,False,CRITICAL,True,False
drift-evt-4342,2026-04-30T15:16:00Z,CLO-003,inbound_rules,RESTRICTED,RESTRICTED,ci_cd_pipeline,automation,approved,staging,False,INFO,False,False
drift-evt-4f48,2026-05-01T00:05:00Z,IDE-059,agent_status,running,running,autoscaler_bot,automation,approved,staging,False,INFO,False,False
drift-evt-27e1,2026-04-24T01:28:00Z,CLO-007,encryption_strength,AES-256,AES-256,ci_cd_pipeline,scheduled_task,approved,production,False,LOW,False,False
drift-evt-3a2e,2026-04-29T10:01:00Z,END-037,encryption_strength,AES-256,AES-128,ci_cd_pipeline,manual,pending,development,False,HIGH,True,False
drift-evt-4003,2026-04-27T14:42:00Z,CLO-018,inbound_rules,RESTRICTED,expired_state,admin_001,manual,expired,production,False,MEDIUM,True,False
drift-evt-affc,2026-04-26T08:28:00Z,END-047,encryption_strength,AES-256,modified_config_param,ci_cd_pipeline,manual,pending,staging,False,MEDIUM,True,False
drift-evt-3612,2026-05-03T22:54:00Z,NET-025,mfa_enforced,True,True,admin_001,scheduled_task,approved,staging,True,LOW,False,False
drift-evt-1203,2026-04-28T11:55:00Z,END-036,logging_enabled,True,True,ci_cd_pipeline,ci_cd,approved,production,True,LOW,False,False
drift-evt-9f83,2026-04-23T10:23:00Z,END-047,encryption_strength,AES-256,AES-256,autoscaler_bot,ci_cd,approved,staging,False,LOW,False,False
drift-evt-14ca,2026-04-10T01:30:00Z,CLO-005,mfa_enforced,True,False,autoscaler_bot,manual,pending,production,False,CRITICAL,True,False
drift-evt-933d,2026-04-29T13:28:00Z,IDE-059,agent_status,running,modified_config_param,autoscaler_bot,manual,pending,staging,False,MEDIUM,True,False
drift-evt-53ca,2026-05-01T11:05:00Z,CLO-018,inbound_rules,RESTRICTED,weakened_state,admin_001,manual,pending,production,False,HIGH,True,False
drift-evt-6ee8,2026-04-22T11:56:00Z,NET-021,logging_enabled,True,True,admin_002,automation,approved,production,False,INFO,False,False
drift-evt-5174,2026-04-21T14:51:00Z,END-044,agent_status,running,running,admin_002,automation,approved,production,False,INFO,False,False
drift-evt-482e,2026-04-21T15:28:00Z,IDE-061,logging_enabled,True,modified_config_param,ci_cd_pipeline,manual,pending,production,False,MEDIUM,True,False
drift-evt-fec2,2026-04-12T23:44:00Z,IDE-054,agent_status,running,restarting,admin_001,ci_cd,approved,staging,False,LOW,False,False
drift-evt-5cdc,2026-05-04T07:51:00Z,NET-030,mfa_enforced,True,True,ci_cd_pipeline,scheduled_task,approved,production,True,LOW,False,False
drift-evt-91be,2026-04-25T07:17:00Z,CLO-019,agent_status,running,weakened_state,autoscaler_bot,manual,pending,development,False,HIGH,True,False
drift-evt-4515,2026-04-13T00:03:00Z,NET-025,mfa_enforced,True,True,ci_cd_pipeline,scheduled_task,approved,staging,False,LOW,False,False
drift-evt-985d,2026-04-26T19:04:00Z,NET-027,encryption_strength,AES-256,AES-256,admin_002,scheduled_task,approved,production,True,LOW,False,False
drift-evt-ebe7,2026-05-01T14:33:00Z,NET-027,encryption_strength,AES-256,modified_config_param,admin_001,manual,pending,production,False,MEDIUM,True,False
drift-evt-3e01,2026-04-29T18:31:00Z,END-049,agent_status,running,running,admin_001,automation,approved,production,False,INFO,False,False
drift-evt-4399,2026-04-28T22:05:00Z,END-044,agent_status,running,running,admin_001,automation,approved,production,False,INFO,False,False
drift-evt-3de2,2026-04-20T00:46:00Z,IDE-062,encryption_strength,AES-256,modified_config_param,autoscaler_bot,manual,pending,production,False,MEDIUM,True,False
drift-evt-56b1,2026-04-20T16:45:00Z,END-039,agent_status,running,running,autoscaler_bot,automation,approved,development,False,INFO,False,False
drift-evt-70d6,2026-04-21T13:05:00Z,END-037,encryption_strength,AES-256,AES-256,autoscaler_bot,automation,approved,development,False,INFO,False,False
drift-evt-3589,2026-04-30T06:08:00Z,END-041,logging_enabled,True,modified_config_param,admin_002,manual,pending,staging,False,MEDIUM,True,False
drift-evt-d252,2026-04-20T10:42:00Z,END-037,encryption_strength,AES-256,AES-256,ci_cd_pipeline,scheduled_task,approved,development,False,LOW,False,False
drift-evt-3707,2026-04-14T16:00:00Z,END-038,inbound_rules,RESTRICTED,expired_state,ci_cd_pipeline,manual,expired,production,False,MEDIUM,True,False
drift-evt-a64b,2026-04-11T14:20:00Z,END-045,mfa_enforced,True,True,admin_002,scheduled_task,approved,production,False,LOW,False,False
drift-evt-5b81,2026-05-02T12:17:00Z,NET-035,mfa_enforced,True,True,admin_001,ci_cd,approved,staging,True,LOW,False,False
drift-evt-6b55,2026-05-04T16:59:00Z,NET-031,logging_enabled,True,weakened_state,autoscaler_bot,manual,pending,development,False,HIGH,True,False
drift-evt-a882,2026-05-02T04:03:00Z,NET-029,agent_status,running,restarting,autoscaler_bot,ci_cd,approved,production,True,LOW,False,False
drift-evt-3599,2026-04-29T12:00:00Z,CLO-013,inbound_rules,RESTRICTED,TEMPORARY_VENDOR_ALLOWED,autoscaler_bot,ci_cd,approved,production,True,LOW,False,False
drift-evt-25e2,2026-04-29T15:36:00Z,IDE-062,encryption_strength,AES-256,AES-256,autoscaler_bot,scheduled_task,approved,production,False,LOW,False,False
drift-evt-2569,2026-04-10T16:38:00Z,CLO-012,encryption_strength,AES-256,AES-256,autoscaler_bot,ci_cd,approved,production,True,LOW,False,False
drift-evt-75d7,2026-04-16T00:01:00Z,CLO-005,mfa_enforced,True,True,admin_002,scheduled_task,approved,production,True,LOW,False,False
drift-evt-4e72,2026-04-21T04:11:00Z,CLO-005,mfa_enforced,True,True,ci_cd_pipeline,automation,approved,production,False,INFO,False,False
drift-evt-13e9,2026-05-05T10:24:00Z,CLO-014,agent_status,running,restarting,admin_001,scheduled_task,approved,production,False,LOW,False,False
drift-evt-c817,2026-05-02T17:26:00Z,IDE-064,agent_status,running,running,autoscaler_bot,automation,approved,development,False,INFO,False,False
drift-evt-ed99,2026-04-29T07:13:00Z,NET-035,mfa_enforced,True,expired_state,autoscaler_bot,manual,expired,staging,False,HIGH,True,False
drift-evt-fc28,2026-04-23T01:12:00Z,NET-021,logging_enabled,True,expired_state,admin_002,manual,expired,production,False,HIGH,True,False
drift-evt-430d,2026-04-16T11:23:00Z,CLO-002,encryption_strength,AES-256,modified_config_param,admin_001,manual,pending,production,False,MEDIUM,True,False
drift-evt-c2f5,2026-05-03T20:11:00Z,NET-025,mfa_enforced,True,expired_state,autoscaler_bot,manual,expired,staging,False,HIGH,True,False
drift-evt-6a46,2026-04-26T10:55:00Z,IDE-055,mfa_enforced,True,weakened_state,admin_001,manual,pending,production,False,HIGH,True,False
drift-evt-bfca,2026-04-12T08:12:00Z,NET-024,agent_status,running,restarting,autoscaler_bot,scheduled_task,approved,staging,False,LOW,False,False
drift-evt-0f4c,2026-04-08T07:28:00Z,NET-034,agent_status,running,running,admin_002,automation,approved,staging,False,INFO,False,False
drift-evt-95bb,2026-04-20T03:38:00Z,END-043,inbound_rules,RESTRICTED,TEMPORARY_VENDOR_ALLOWED,admin_001,ci_cd,approved,production,False,LOW,False,False
drift-evt-e8e6,2026-04-18T18:07:00Z,CLO-008,inbound_rules,RESTRICTED,PORT_8080_OPENED_ANYWHERE,ci_cd_pipeline,manual,pending,production,False,MEDIUM,True,False
drift-evt-008c,2026-04-15T06:28:00Z,IDE-052,encryption_strength,AES-256,False,admin_001,manual,pending,staging,False,CRITICAL,True,False
drift-evt-c232,2026-04-21T10:16:00Z,END-048,inbound_rules,RESTRICTED,PORT_8080_OPENED_ANYWHERE,autoscaler_bot,manual,pending,production,False,MEDIUM,True,False
drift-evt-855a,2026-04-14T01:54:00Z,IDE-062,encryption_strength,AES-256,AES-256,autoscaler_bot,scheduled_task,approved,production,False,LOW,False,False
drift-evt-4e2c,2026-05-02T23:55:00Z,IDE-061,logging_enabled,True,True,autoscaler_bot,ci_cd,approved,production,True,LOW,False,False
drift-evt-5406,2026-05-02T00:55:00Z,END-047,encryption_strength,AES-256,AES-128,ci_cd_pipeline,manual,pending,staging,False,HIGH,True,False
drift-evt-fbd8,2026-04-13T02:34:00Z,CLO-008,inbound_rules,RESTRICTED,RESTRICTED,autoscaler_bot,automation,approved,production,False,INFO,False,False
drift-evt-8211,2026-04-14T19:41:00Z,NET-022,encryption_strength,AES-256,AES-128,admin_001,manual,pending,production,False,HIGH,True,False
drift-evt-7dd4,2026-04-28T02:37:00Z,CLO-015,mfa_enforced,True,expired_state,autoscaler_bot,manual,expired,production,False,HIGH,True,False
drift-evt-6d9a,2026-04-30T05:56:00Z,CLO-012,encryption_strength,AES-256,modified_config_param,admin_002,manual,pending,production,False,MEDIUM,True,False
drift-evt-313a,2026-04-28T15:17:00Z,CLO-017,encryption_strength,AES-256,expired_state,admin_002,manual,expired,development,False,MEDIUM,True,False
drift-evt-3019,2026-04-10T15:04:00Z,IDE-060,mfa_enforced,True,False,admin_001,manual,pending,production,False,CRITICAL,True,False
drift-evt-f65c,2026-04-26T00:29:00Z,NET-033,inbound_rules,RESTRICTED,PORT_8080_OPENED_ANYWHERE,ci_cd_pipeline,manual,pending,staging,False,MEDIUM,True,False
drift-evt-19d1,2026-05-04T07:41:00Z,CLO-010,mfa_enforced,True,modified_config_param,ci_cd_pipeline,manual,pending,production,False,MEDIUM,True,False
drift-evt-f681,2026-04-10T21:39:00Z,CLO-008,inbound_rules,RESTRICTED,TEMPORARY_VENDOR_ALLOWED,ci_cd_pipeline,scheduled_task,approved,production,True,LOW,False,False
drift-evt-be60,2026-04-16T04:36:00Z,CLO-018,inbound_rules,RESTRICTED,TEMPORARY_VENDOR_ALLOWED,admin_002,scheduled_task,approved,production,False,LOW,False,False
drift-evt-0c9d,2026-04-25T04:20:00Z,END-049,agent_status,running,restarting,ci_cd_pipeline,ci_cd,approved,production,False,LOW,False,False
drift-evt-6bec,2026-05-02T10:50:00Z,IDE-051,logging_enabled,True,True,autoscaler_bot,ci_cd,approved,development,True,LOW,False,False
drift-evt-a978,2026-04-21T13:54:00Z,IDE-060,mfa_enforced,True,expired_state,admin_002,manual,expired,production,False,HIGH,True,False
drift-evt-0c11,2026-04-18T10:52:00Z,NET-032,encryption_strength,AES-256,AES-128,admin_002,manual,pending,production,False,HIGH,True,False
drift-evt-e398,2026-04-20T13:05:00Z,NET-025,mfa_enforced,True,True,ci_cd_pipeline,ci_cd,approved,staging,False,LOW,False,False
drift-evt-0c89,2026-04-08T17:06:00Z,NET-031,logging_enabled,True,weakened_state,autoscaler_bot,manual,pending,development,False,HIGH,True,False
drift-evt-5849,2026-05-05T00:45:00Z,CLO-005,mfa_enforced,True,True,admin_002,ci_cd,approved,production,True,LOW,False,False
drift-evt-7589,2026-04-26T07:23:00Z,IDE-057,encryption_strength,AES-256,modified_config_param,autoscaler_bot,manual,pending,staging,False,MEDIUM,True,False
drift-evt-e311,2026-04-10T13:40:00Z,CLO-018,inbound_rules,RESTRICTED,weakened_state,admin_001,manual,pending,production,False,HIGH,True,False
drift-evt-1874,2026-05-04T05:16:00Z,END-041,logging_enabled,True,True,admin_001,ci_cd,approved,staging,False,LOW,False,False
drift-evt-67f6,2026-05-01T17:21:00Z,NET-029,agent_status,running,running,admin_002,automation,approved,production,False,INFO,False,False
drift-evt-906f,2026-04-10T18:35:00Z,NET-023,inbound_rules,RESTRICTED,TEMPORARY_VENDOR_ALLOWED,admin_002,scheduled_task,approved,development,True,LOW,False,False
drift-evt-dfde,2026-04-25T08:20:00Z,END-041,logging_enabled,True,True,admin_002,automation,approved,staging,False,INFO,False,False
drift-evt-ef15,2026-04-21T15:34:00Z,END-049,agent_status,running,restarting,autoscaler_bot,scheduled_task,approved,production,True,LOW,False,False
drift-evt-8ccb,2026-04-21T16:30:00Z,CLO-019,agent_status,running,expired_state,admin_002,manual,expired,development,False,HIGH,True,False
drift-evt-5385,2026-05-03T14:17:00Z,IDE-053,inbound_rules,RESTRICTED,RESTRICTED,admin_002,automation,approved,development,False,INFO,False,False
drift-evt-47cc,2026-04-14T02:28:00Z,END-050,mfa_enforced,True,weakened_state,autoscaler_bot,manual,pending,production,False,HIGH,True,False
drift-evt-f5bc,2026-04-23T00:45:00Z,CLO-011,logging_enabled,True,True,admin_002,scheduled_task,approved,production,True,LOW,False,False
drift-evt-1e07,2026-04-16T16:04:00Z,CLO-007,encryption_strength,AES-256,AES-128,admin_001,manual,pending,production,False,HIGH,True,False
drift-evt-e8c5,2026-05-05T12:48:00Z,CLO-006,logging_enabled,True,True,ci_cd_pipeline,ci_cd,approved,production,True,LOW,False,False
drift-evt-8190,2026-04-23T03:42:00Z,END-039,agent_status,running,stopped,ci_cd_pipeline,manual,pending,development,False,CRITICAL,True,False
drift-evt-d603,2026-04-16T15:34:00Z,CLO-016,logging_enabled,True,True,admin_002,ci_cd,approved,production,True,LOW,False,False
drift-evt-12c2,2026-04-18T21:25:00Z,END-042,encryption_strength,AES-256,AES-256,admin_001,scheduled_task,approved,staging,False,LOW,False,False
drift-evt-1289,2026-04-24T08:25:00Z,END-040,mfa_enforced,True,weakened_state,admin_001,manual,pending,production,False,HIGH,True,False
drift-evt-ea87,2026-04-30T15:10:00Z,IDE-060,mfa_enforced,True,True,ci_cd_pipeline,scheduled_task,approved,production,False,LOW,False,False
drift-evt-0588,2026-04-24T20:55:00Z,END-041,logging_enabled,True,True,admin_002,automation,approved,staging,False,INFO,False,False
drift-evt-7c8e,2026-04-18T01:42:00Z,CLO-019,agent_status,running,restarting,ci_cd_pipeline,scheduled_task,approved,development,False,LOW,False,False
drift-evt-93a5,2026-04-16T22:18:00Z,END-043,inbound_rules,RESTRICTED,TEMPORARY_VENDOR_ALLOWED,autoscaler_bot,scheduled_task,approved,production,True,LOW,False,False
drift-evt-0338,2026-04-23T08:43:00Z,NET-033,inbound_rules,RESTRICTED,False,admin_002,manual,pending,staging,False,CRITICAL,True,False
drift-evt-f339,2026-04-30T07:52:00Z,IDE-059,agent_status,running,running,autoscaler_bot,automation,approved,staging,False,INFO,False,False
drift-evt-1e3c,2026-04-24T00:41:00Z,NET-022,encryption_strength,AES-256,modified_config_param,autoscaler_bot,manual,pending,production,False,MEDIUM,True,False
drift-evt-118c,2026-04-30T05:23:00Z,NET-024,agent_status,running,modified_config_param,ci_cd_pipeline,manual,pending,staging,False,MEDIUM,True,False
drift-evt-ed7a,2026-04-11T09:12:00Z,CLO-007,encryption_strength,AES-256,AES-128,ci_cd_pipeline,manual,pending,production,False,HIGH,True,False
drift-evt-f283,2026-04-18T12:48:00Z,CLO-009,agent_status,running,restarting,autoscaler_bot,ci_cd,approved,development,True,LOW,False,False
drift-evt-4127,2026-04-24T23:39:00Z,CLO-008,inbound_rules,RESTRICTED,False,admin_002,manual,pending,production,False,CRITICAL,True,False
drift-evt-cb52,2026-04-08T17:11:00Z,CLO-001,logging_enabled,True,modified_config_param,admin_002,manual,pending,production,False,MEDIUM,True,False
drift-evt-5390,2026-05-02T02:16:00Z,END-036,logging_enabled,True,True,admin_001,ci_cd,approved,production,False,LOW,False,False
drift-evt-7894,2026-04-16T03:49:00Z,CLO-014,agent_status,running,expired_state,ci_cd_pipeline,manual,expired,production,False,HIGH,True,False
drift-evt-2602,2026-04-18T23:13:00Z,NET-025,mfa_enforced,True,weakened_state,admin_001,manual,pending,staging,False,HIGH,True,False
drift-evt-5d28,2026-04-20T04:00:00Z,IDE-051,logging_enabled,True,expired_state,ci_cd_pipeline,manual,expired,development,False,HIGH,True,False
drift-evt-ab6a,2026-04-26T11:30:00Z,IDE-059,agent_status,running,restarting,autoscaler_bot,ci_cd,approved,staging,False,LOW,False,False
drift-evt-cd78,2026-04-11T16:04:00Z,CLO-005,mfa_enforced,True,modified_config_param,ci_cd_pipeline,manual,pending,production,False,MEDIUM,True,False
drift-evt-1ef0,2026-04-25T03:59:00Z,IDE-061,logging_enabled,True,True,ci_cd_pipeline,ci_cd,approved,production,True,LOW,False,False
drift-evt-99ba,2026-04-27T17:57:00Z,END-043,inbound_rules,RESTRICTED,TEMPORARY_VENDOR_ALLOWED,ci_cd_pipeline,ci_cd,approved,production,True,LOW,False,False
drift-evt-7475,2026-05-03T19:05:00Z,IDE-061,logging_enabled,True,True,admin_001,ci_cd,approved,production,True,LOW,False,False
drift-evt-617b,2026-04-20T18:15:00Z,CLO-005,mfa_enforced,True,modified_config_param,autoscaler_bot,manual,pending,production,False,MEDIUM,True,False
drift-evt-6a33,2026-04-22T07:31:00Z,CLO-003,inbound_rules,RESTRICTED,RESTRICTED,autoscaler_bot,automation,approved,staging,False,INFO,False,False
drift-evt-1f74,2026-04-26T03:03:00Z,CLO-010,mfa_enforced,True,weakened_state,admin_001,manual,pending,production,False,HIGH,True,False
drift-evt-adab,2026-04-18T22:40:00Z,END-050,mfa_enforced,True,True,admin_001,scheduled_task,approved,production,True,LOW,False,False
drift-evt-3b20,2026-04-11T13:40:00Z,IDE-065,mfa_enforced,True,expired_state,admin_001,manual,expired,development,False,HIGH,True,False
drift-evt-1363,2026-04-27T21:26:00Z,NET-030,mfa_enforced,True,True,ci_cd_pipeline,scheduled_task,approved,production,False,LOW,False,False
drift-evt-9b84,2026-04-22T20:30:00Z,CLO-004,agent_status,running,running,admin_001,automation,approved,production,False,INFO,False,False
drift-evt-6c74,2026-04-28T12:08:00Z,IDE-063,inbound_rules,RESTRICTED,expired_state,autoscaler_bot,manual,expired,production,False,MEDIUM,True,False
drift-evt-d61c,2026-04-25T02:04:00Z,IDE-056,logging_enabled,True,True,autoscaler_bot,scheduled_task,approved,staging,True,LOW,False,False
drift-evt-3504,2026-04-21T10:38:00Z,NET-032,encryption_strength,AES-256,expired_state,ci_cd_pipeline,manual,expired,production,False,MEDIUM,True,False
drift-evt-1aba,2026-04-15T00:28:00Z,END-049,agent_status,running,restarting,autoscaler_bot,scheduled_task,approved,production,False,LOW,False,False
drift-evt-547b,2026-04-12T03:58:00Z,CLO-001,logging_enabled,True,True,admin_001,scheduled_task,approved,production,False,LOW,False,False
drift-evt-f4be,2026-04-12T15:40:00Z,CLO-017,encryption_strength,AES-256,expired_state,ci_cd_pipeline,manual,expired,development,False,MEDIUM,True,False
drift-evt-13ed,2026-04-28T10:16:00Z,IDE-053,inbound_rules,RESTRICTED,TEMPORARY_VENDOR_ALLOWED,ci_cd_pipeline,ci_cd,approved,development,True,LOW,False,False
drift-evt-9772,2026-04-12T05:40:00Z,END-042,encryption_strength,AES-256,AES-256,admin_002,ci_cd,approved,staging,False,LOW,False,False
drift-evt-4ace,2026-04-11T20:31:00Z,NET-032,encryption_strength,AES-256,AES-256,autoscaler_bot,scheduled_task,approved,production,True,LOW,False,False
drift-evt-e204,2026-04-21T16:55:00Z,NET-035,mfa_enforced,True,True,admin_002,ci_cd,approved,staging,True,LOW,False,False
drift-evt-5af8,2026-04-20T13:26:00Z,IDE-054,agent_status,running,restarting,admin_001,scheduled_task,approved,staging,True,LOW,False,False
drift-evt-8959,2026-04-19T05:21:00Z,IDE-064,agent_status,running,restarting,autoscaler_bot,scheduled_task,approved,development,True,LOW,False,False
drift-evt-1678,2026-04-08T07:24:00Z,IDE-051,logging_enabled,True,True,admin_001,scheduled_task,approved,development,False,LOW,False,False
drift-evt-9c33,2026-04-27T14:21:00Z,CLO-018,inbound_rules,RESTRICTED,TEMPORARY_VENDOR_ALLOWED,admin_001,scheduled_task,approved,production,True,LOW,False,False
drift-evt-797a,2026-04-16T02:02:00Z,IDE-051,logging_enabled,True,False,admin_001,manual,pending,development,False,CRITICAL,True,False
drift-evt-6dd8,2026-04-30T08:19:00Z,NET-032,encryption_strength,AES-256,AES-256,admin_001,scheduled_task,approved,production,False,LOW,False,False
drift-evt-34b9,2026-04-25T21:12:00Z,END-047,encryption_strength,AES-256,expired_state,ci_cd_pipeline,manual,expired,staging,False,MEDIUM,True,False
drift-evt-9bd6,2026-04-17T02:15:00Z,NET-024,agent_status,running,running,ci_cd_pipeline,automation,approved,staging,False,INFO,False,False
drift-evt-d48b,2026-04-29T00:13:00Z,NET-027,encryption_strength,AES-256,AES-256,admin_002,automation,approved,production,False,INFO,False,False
drift-evt-2b5a,2026-04-11T03:33:00Z,IDE-053,inbound_rules,RESTRICTED,expired_state,admin_002,manual,expired,development,False,MEDIUM,True,False
drift-evt-faff,2026-04-21T18:47:00Z,NET-031,logging_enabled,True,True,admin_001,ci_cd,approved,development,False,LOW,False,False
drift-evt-b67f,2026-04-11T08:48:00Z,IDE-058,inbound_rules,RESTRICTED,expired_state,admin_002,manual,expired,production,False,MEDIUM,True,False
drift-evt-6362,2026-05-02T07:41:00Z,IDE-065,mfa_enforced,True,weakened_state,admin_002,manual,pending,development,False,HIGH,True,False
drift-evt-49b5,2026-04-24T08:43:00Z,CLO-011,logging_enabled,True,weakened_state,ci_cd_pipeline,manual,pending,production,False,HIGH,True,False
drift-evt-8eff,2026-04-24T03:46:00Z,NET-022,encryption_strength,AES-256,expired_state,ci_cd_pipeline,manual,expired,production,False,MEDIUM,True,False
drift-evt-355c,2026-04-26T04:30:00Z,END-043,inbound_rules,RESTRICTED,weakened_state,admin_002,manual,pending,production,False,HIGH,True,False
drift-evt-d9eb,2026-04-12T11:43:00Z,NET-034,agent_status,running,restarting,autoscaler_bot,ci_cd,approved,staging,False,LOW,False,False
drift-evt-fc0d,2026-04-29T01:48:00Z,IDE-065,mfa_enforced,True,True,autoscaler_bot,scheduled_task,approved,development,True,LOW,False,False
drift-evt-05e1,2026-04-21T10:42:00Z,IDE-054,agent_status,running,stopped,ci_cd_pipeline,manual,pending,staging,False,CRITICAL,True,False
drift-evt-32e7,2026-04-14T10:45:00Z,END-045,mfa_enforced,True,True,admin_001,scheduled_task,approved,production,False,LOW,False,False
drift-evt-7731,2026-05-01T17:12:00Z,IDE-062,encryption_strength,AES-256,expired_state,admin_001,manual,expired,production,False,MEDIUM,True,False
drift-evt-efe4,2026-04-27T22:36:00Z,IDE-058,inbound_rules,RESTRICTED,False,admin_001,manual,pending,production,False,CRITICAL,True,False
drift-evt-1551,2026-04-10T00:49:00Z,CLO-015,mfa_enforced,True,True,ci_cd_pipeline,scheduled_task,approved,production,True,LOW,False,False
drift-evt-66bb,2026-04-15T11:32:00Z,NET-032,encryption_strength,AES-256,modified_config_param,autoscaler_bot,manual,pending,production,False,MEDIUM,True,False
drift-evt-fe03,2026-04-23T01:32:00Z,IDE-055,mfa_enforced,True,weakened_state,admin_002,manual,pending,production,False,HIGH,True,False
drift-evt-aade,2026-04-26T10:26:00Z,NET-024,agent_status,running,restarting,autoscaler_bot,scheduled_task,approved,staging,False,LOW,False,False
drift-evt-8d07,2026-04-16T23:32:00Z,IDE-058,inbound_rules,RESTRICTED,TEMPORARY_VENDOR_ALLOWED,admin_002,scheduled_task,approved,production,True,LOW,False,False
drift-evt-5d0a,2026-04-17T08:47:00Z,END-036,logging_enabled,True,modified_config_param,ci_cd_pipeline,manual,pending,production,False,MEDIUM,True,False
drift-evt-284e,2026-05-02T10:26:00Z,NET-024,agent_status,running,weakened_state,admin_001,manual,pending,staging,False,HIGH,True,False
drift-evt-ad82,2026-04-28T19:47:00Z,CLO-015,mfa_enforced,True,True,admin_001,scheduled_task,approved,production,False,LOW,False,False
drift-evt-577a,2026-04-25T20:46:00Z,CLO-015,mfa_enforced,True,weakened_state,admin_001,manual,pending,production,False,HIGH,True,False
drift-evt-ab5c,2026-04-28T20:07:00Z,NET-023,inbound_rules,RESTRICTED,TEMPORARY_VENDOR_ALLOWED,admin_001,ci_cd,approved,development,True,LOW,False,False
drift-evt-be6d,2026-04-18T20:36:00Z,END-040,mfa_enforced,True,True,ci_cd_pipeline,ci_cd,approved,production,False,LOW,False,False
drift-evt-a385,2026-05-01T05:58:00Z,END-050,mfa_enforced,True,modified_config_param,admin_002,manual,pending,production,False,MEDIUM,True,False
drift-evt-6a97,2026-05-04T03:51:00Z,END-050,mfa_enforced,True,weakened_state,admin_002,manual,pending,production,False,HIGH,True,False
drift-evt-c46c,2026-05-02T10:58:00Z,NET-023,inbound_rules,RESTRICTED,TEMPORARY_VENDOR_ALLOWED,autoscaler_bot,scheduled_task,approved,development,False,LOW,False,False
drift-evt-51eb,2026-04-22T07:37:00Z,IDE-058,inbound_rules,RESTRICTED,TEMPORARY_VENDOR_ALLOWED,ci_cd_pipeline,scheduled_task,approved,production,True,LOW,False,False
drift-evt-d335,2026-04-16T21:08:00Z,END-050,mfa_enforced,True,False,admin_002,manual,pending,production,False,CRITICAL,True,False
drift-evt-36b6,2026-04-30T09:06:00Z,IDE-054,agent_status,running,restarting,admin_002,scheduled_task,approved,staging,True,LOW,False,False
drift-evt-cb0f,2026-04-09T09:43:00Z,NET-029,agent_status,running,restarting,admin_001,ci_cd,approved,production,False,LOW,False,False
drift-evt-d510,2026-04-21T03:19:00Z,NET-022,encryption_strength,AES-256,AES-256,admin_002,scheduled_task,approved,production,True,LOW,False,False
drift-evt-58f7,2026-04-20T04:37:00Z,END-047,encryption_strength,AES-256,AES-128,ci_cd_pipeline,manual,pending,staging,False,HIGH,True,False
drift-evt-d452,2026-04-28T02:06:00Z,NET-028,inbound_rules,RESTRICTED,expired_state,admin_002,manual,expired,staging,False,MEDIUM,True,False
drift-evt-e1eb,2026-04-19T06:23:00Z,END-039,agent_status,running,restarting,ci_cd_pipeline,scheduled_task,approved,development,False,LOW,False,False
drift-evt-0417,2026-04-11T23:01:00Z,IDE-057,encryption_strength,AES-256,AES-256,ci_cd_pipeline,ci_cd,approved,staging,True,LOW,False,False
drift-evt-5b06,2026-05-04T18:11:00Z,END-045,mfa_enforced,True,expired_state,admin_002,manual,expired,production,False,HIGH,True,False
drift-evt-317f,2026-04-14T08:05:00Z,NET-027,encryption_strength,AES-256,AES-256,autoscaler_bot,ci_cd,approved,production,False,LOW,False,False
drift-evt-ecb1,2026-05-05T03:56:00Z,NET-022,encryption_strength,AES-256,AES-128,admin_001,manual,pending,production,False,HIGH,True,False
drift-evt-0081,2026-04-21T07:39:00Z,END-038,inbound_rules,RESTRICTED,RESTRICTED,admin_001,automation,approved,production,False,INFO,False,False
drift-evt-1219,2026-05-01T09:53:00Z,CLO-013,inbound_rules,RESTRICTED,RESTRICTED,autoscaler_bot,automation,approved,production,False,INFO,False,False
drift-evt-72c8,2026-04-26T17:35:00Z,CLO-008,inbound_rules,RESTRICTED,RESTRICTED,admin_001,automation,approved,production,False,INFO,False,False
drift-evt-0919,2026-04-13T18:36:00Z,CLO-017,encryption_strength,AES-256,expired_state,autoscaler_bot,manual,expired,development,False,MEDIUM,True,False
drift-evt-1dd6,2026-04-22T15:49:00Z,NET-032,encryption_strength,AES-256,AES-256,admin_002,scheduled_task,approved,production,True,LOW,False,False
drift-evt-7a51,2026-04-20T05:31:00Z,IDE-054,agent_status,running,weakened_state,admin_002,manual,pending,staging,False,HIGH,True,False
drift-evt-1f19,2026-04-12T05:42:00Z,IDE-052,encryption_strength,AES-256,False,admin_001,manual,pending,staging,False,CRITICAL,True,False
drift-evt-5ae6,2026-04-24T19:08:00Z,IDE-059,agent_status,running,modified_config_param,admin_002,manual,pending,staging,False,MEDIUM,True,False
drift-evt-ed7f,2026-04-08T02:43:00Z,CLO-012,encryption_strength,AES-256,AES-256,admin_002,scheduled_task,approved,production,True,LOW,False,False
drift-evt-c947,2026-04-26T02:25:00Z,NET-028,inbound_rules,RESTRICTED,expired_state,admin_002,manual,expired,staging,False,MEDIUM,True,False
drift-evt-8f3b,2026-04-30T12:22:00Z,NET-035,mfa_enforced,True,expired_state,admin_001,manual,expired,staging,False,HIGH,True,False
drift-evt-3be3,2026-04-23T08:56:00Z,CLO-017,encryption_strength,AES-256,expired_state,admin_002,manual,expired,development,False,MEDIUM,True,False
drift-evt-e25d,2026-04-10T04:53:00Z,CLO-006,logging_enabled,True,expired_state,ci_cd_pipeline,manual,expired,production,False,HIGH,True,False
drift-evt-fd3e,2026-04-28T22:00:00Z,CLO-003,inbound_rules,RESTRICTED,PORT_8080_OPENED_ANYWHERE,ci_cd_pipeline,manual,pending,staging,False,MEDIUM,True,False
drift-evt-94c8,2026-04-15T04:34:00Z,IDE-057,encryption_strength,AES-256,AES-256,admin_002,automation,approved,staging,False,INFO,False,False
drift-evt-3c85,2026-04-27T11:17:00Z,NET-026,logging_enabled,True,True,autoscaler_bot,scheduled_task,approved,production,True,LOW,False,False
drift-evt-d00d,2026-04-20T11:19:00Z,CLO-012,encryption_strength,AES-256,AES-256,admin_001,automation,approved,production,False,INFO,False,False
drift-evt-0a4a,2026-04-24T22:10:00Z,NET-022,encryption_strength,AES-256,AES-256,ci_cd_pipeline,scheduled_task,approved,production,False,LOW,False,False
drift-evt-18e1,2026-04-18T15:45:00Z,IDE-055,mfa_enforced,True,modified_config_param,ci_cd_pipeline,manual,pending,production,False,MEDIUM,True,False
drift-evt-b3a2,2026-04-08T01:12:00Z,NET-028,inbound_rules,RESTRICTED,PORT_8080_OPENED_ANYWHERE,admin_002,manual,pending,staging,False,MEDIUM,True,False
drift-evt-7c2b,2026-05-05T00:28:00Z,NET-029,agent_status,running,restarting,admin_002,ci_cd,approved,production,True,LOW,False,False
drift-evt-468c,2026-04-13T11:44:00Z,IDE-055,mfa_enforced,True,modified_config_param,autoscaler_bot,manual,pending,production,False,MEDIUM,True,False
drift-evt-6cd9,2026-04-18T10:05:00Z,END-050,mfa_enforced,True,False,ci_cd_pipeline,manual,pending,production,False,CRITICAL,True,False
drift-evt-a878,2026-04-12T15:53:00Z,CLO-014,agent_status,running,modified_config_param,admin_001,manual,pending,production,False,MEDIUM,True,False
drift-evt-cb5b,2026-04-21T14:52:00Z,CLO-018,inbound_rules,RESTRICTED,TEMPORARY_VENDOR_ALLOWED,admin_002,ci_cd,approved,production,True,LOW,False,False
drift-evt-7d15,2026-05-03T15:16:00Z,CLO-002,encryption_strength,AES-256,AES-256,autoscaler_bot,scheduled_task,approved,production,False,LOW,False,False
drift-evt-c2cf,2026-04-14T21:21:00Z,IDE-053,inbound_rules,RESTRICTED,PORT_8080_OPENED_ANYWHERE,admin_002,manual,pending,development,False,MEDIUM,True,False
drift-evt-6173,2026-04-11T22:42:00Z,CLO-013,inbound_rules,RESTRICTED,expired_state,autoscaler_bot,manual,expired,production,False,MEDIUM,True,False
drift-evt-92f4,2026-05-04T19:59:00Z,END-050,mfa_enforced,True,expired_state,admin_001,manual,expired,production,False,HIGH,True,False
drift-evt-4529,2026-04-22T07:32:00Z,CLO-018,inbound_rules,RESTRICTED,RESTRICTED,autoscaler_bot,automation,approved,production,False,INFO,False,False
drift-evt-fbc7,2026-04-11T20:02:00Z,NET-032,encryption_strength,AES-256,AES-256,admin_001,ci_cd,approved,production,False,LOW,False,False
drift-evt-e723,2026-05-05T14:56:00Z,NET-025,mfa_enforced,True,True,admin_002,scheduled_task,approved,staging,True,LOW,False,False
drift-evt-50ba,2026-04-18T21:26:00Z,IDE-064,agent_status,running,expired_state,admin_002,manual,expired,development,False,HIGH,True,False
drift-evt-de84,2026-04-30T17:41:00Z,CLO-010,mfa_enforced,True,True,ci_cd_pipeline,scheduled_task,approved,production,False,LOW,False,False
drift-evt-ecfd,2026-05-03T20:50:00Z,IDE-054,agent_status,running,restarting,admin_001,ci_cd,approved,staging,False,LOW,False,False
drift-evt-0b6d,2026-04-11T07:44:00Z,CLO-003,inbound_rules,RESTRICTED,RESTRICTED,ci_cd_pipeline,automation,approved,staging,False,INFO,False,False
drift-evt-4f5a,2026-04-17T19:39:00Z,CLO-006,logging_enabled,True,True,ci_cd_pipeline,scheduled_task,approved,production,False,LOW,False,False
drift-evt-7d2f,2026-04-30T19:17:00Z,IDE-054,agent_status,running,modified_config_param,admin_002,manual,pending,staging,False,MEDIUM,True,False
drift-evt-af2d,2026-04-11T18:02:00Z,CLO-020,mfa_enforced,True,modified_config_param,admin_001,manual,pending,staging,False,MEDIUM,True,False
drift-evt-4b62,2026-04-11T14:19:00Z,NET-027,encryption_strength,AES-256,AES-256,autoscaler_bot,scheduled_task,approved,production,False,LOW,False,False
drift-evt-a1d8,2026-04-11T00:13:00Z,END-040,mfa_enforced,True,weakened_state,admin_002,manual,pending,production,False,HIGH,True,False
drift-evt-72ca,2026-04-18T20:40:00Z,CLO-008,inbound_rules,RESTRICTED,PORT_8080_OPENED_ANYWHERE,autoscaler_bot,manual,pending,production,False,MEDIUM,True,False
drift-evt-fb5d,2026-04-27T18:35:00Z,CLO-015,mfa_enforced,True,True,admin_002,ci_cd,approved,production,False,LOW,False,False
drift-evt-963e,2026-04-15T23:52:00Z,CLO-016,logging_enabled,True,modified_config_param,ci_cd_pipeline,manual,pending,production,False,MEDIUM,True,False
drift-evt-e037,2026-04-08T12:24:00Z,NET-021,logging_enabled,True,modified_config_param,admin_002,manual,pending,production,False,MEDIUM,True,False
drift-evt-6147,2026-05-01T19:16:00Z,NET-034,agent_status,running,running,autoscaler_bot,automation,approved,staging,False,INFO,False,False
drift-evt-1fca,2026-04-20T05:34:00Z,CLO-016,logging_enabled,True,True,ci_cd_pipeline,scheduled_task,approved,production,False,LOW,False,False
drift-evt-777c,2026-04-10T21:46:00Z,NET-034,agent_status,running,restarting,ci_cd_pipeline,scheduled_task,approved,staging,False,LOW,False,False
drift-evt-74ef,2026-04-10T12:34:00Z,IDE-064,agent_status,running,stopped,autoscaler_bot,manual,pending,development,False,CRITICAL,True,False
drift-evt-c3e0,2026-04-19T14:40:00Z,CLO-014,agent_status,running,restarting,ci_cd_pipeline,ci_cd,approved,production,True,LOW,False,False
drift-evt-3b7b,2026-04-08T13:26:00Z,NET-032,encryption_strength,AES-256,AES-256,ci_cd_pipeline,scheduled_task,approved,production,False,LOW,False,False
drift-evt-e3d9,2026-04-14T19:56:00Z,NET-023,inbound_rules,RESTRICTED,TEMPORARY_VENDOR_ALLOWED,ci_cd_pipeline,scheduled_task,approved,development,True,LOW,False,False
drift-evt-2568,2026-04-26T22:40:00Z,END-041,logging_enabled,True,True,admin_001,ci_cd,approved,staging,False,LOW,False,False
drift-evt-849c,2026-04-10T09:32:00Z,NET-023,inbound_rules,RESTRICTED,TEMPORARY_VENDOR_ALLOWED,autoscaler_bot,ci_cd,approved,development,False,LOW,False,False
drift-evt-c8e6,2026-04-29T04:01:00Z,END-037,encryption_strength,AES-256,AES-256,admin_001,scheduled_task,approved,development,True,LOW,False,False
drift-evt-f8fb,2026-04-08T08:43:00Z,END-048,inbound_rules,RESTRICTED,weakened_state,autoscaler_bot,manual,pending,production,False,HIGH,True,False
drift-evt-f38e,2026-04-21T19:58:00Z,NET-032,encryption_strength,AES-256,AES-256,admin_002,scheduled_task,approved,production,False,LOW,False,False
drift-evt-0d51,2026-04-16T21:28:00Z,NET-032,encryption_strength,AES-256,AES-256,autoscaler_bot,automation,approved,production,False,INFO,False,False
drift-evt-b7db,2026-04-26T15:53:00Z,CLO-004,agent_status,running,restarting,autoscaler_bot,scheduled_task,approved,production,True,LOW,False,False
drift-evt-811d,2026-04-08T01:36:00Z,END-049,agent_status,running,running,admin_001,automation,approved,production,False,INFO,False,False
drift-evt-e8fe,2026-05-02T02:42:00Z,NET-031,logging_enabled,True,True,admin_002,scheduled_task,approved,development,True,LOW,False,False
drift-evt-f7a7,2026-04-14T11:31:00Z,END-036,logging_enabled,True,True,ci_cd_pipeline,automation,approved,production,False,INFO,False,False
drift-evt-b04b,2026-04-18T12:50:00Z,IDE-053,inbound_rules,RESTRICTED,TEMPORARY_VENDOR_ALLOWED,admin_001,scheduled_task,approved,development,True,LOW,False,False
drift-evt-9580,2026-05-01T00:04:00Z,CLO-018,inbound_rules,RESTRICTED,weakened_state,admin_002,manual,pending,production,False,HIGH,True,False
drift-evt-2f4e,2026-05-03T20:13:00Z,CLO-008,inbound_rules,RESTRICTED,TEMPORARY_VENDOR_ALLOWED,admin_002,ci_cd,approved,production,True,LOW,False,False
drift-evt-eb4b,2026-04-22T08:05:00Z,IDE-051,logging_enabled,True,True,admin_001,scheduled_task,approved,development,False,LOW,False,False
drift-evt-7565,2026-04-11T09:35:00Z,NET-026,logging_enabled,True,True,autoscaler_bot,ci_cd,approved,production,True,LOW,False,False
drift-evt-1b53,2026-04-28T11:03:00Z,IDE-060,mfa_enforced,True,True,admin_001,scheduled_task,approved,production,True,LOW,False,False
drift-evt-86ee,2026-04-17T10:48:00Z,IDE-058,inbound_rules,RESTRICTED,weakened_state,admin_001,manual,pending,production,False,HIGH,True,False
drift-evt-6cf9,2026-04-13T10:59:00Z,CLO-012,encryption_strength,AES-256,False,autoscaler_bot,manual,pending,production,False,CRITICAL,True,False
drift-evt-5db3,2026-04-21T20:18:00Z,CLO-006,logging_enabled,True,expired_state,autoscaler_bot,manual,expired,production,False,HIGH,True,False
drift-evt-2761,2026-04-22T22:03:00Z,CLO-019,agent_status,running,expired_state,ci_cd_pipeline,manual,expired,development,False,HIGH,True,False
drift-evt-83f5,2026-04-24T04:34:00Z,IDE-051,logging_enabled,True,modified_config_param,ci_cd_pipeline,manual,pending,development,False,MEDIUM,True,False
drift-evt-48dc,2026-04-19T20:11:00Z,NET-023,inbound_rules,RESTRICTED,PORT_8080_OPENED_ANYWHERE,ci_cd_pipeline,manual,pending,development,False,MEDIUM,True,False
drift-evt-2739,2026-04-28T13:56:00Z,NET-032,encryption_strength,AES-256,AES-256,ci_cd_pipeline,automation,approved,production,False,INFO,False,False
drift-evt-f319,2026-04-14T08:42:00Z,CLO-016,logging_enabled,True,False,ci_cd_pipeline,manual,pending,production,False,CRITICAL,True,False
drift-evt-985c,2026-04-18T02:48:00Z,CLO-017,encryption_strength,AES-256,AES-256,autoscaler_bot,scheduled_task,approved,development,False,LOW,False,False
drift-evt-a4ad,2026-04-11T19:48:00Z,NET-034,agent_status,running,modified_config_param,ci_cd_pipeline,manual,pending,staging,False,MEDIUM,True,False
drift-evt-3898,2026-04-10T22:26:00Z,NET-026,logging_enabled,True,True,admin_002,ci_cd,approved,production,True,LOW,False,False
drift-evt-44af,2026-04-23T02:09:00Z,CLO-016,logging_enabled,True,True,ci_cd_pipeline,automation,approved,production,False,INFO,False,False
drift-evt-b6a6,2026-04-10T07:19:00Z,NET-022,encryption_strength,AES-256,AES-256,admin_002,automation,approved,production,False,INFO,False,False
drift-evt-f7b6,2026-04-25T23:27:00Z,IDE-064,agent_status,running,expired_state,ci_cd_pipeline,manual,expired,development,False,HIGH,True,False
drift-evt-bd6e,2026-04-27T10:02:00Z,NET-023,inbound_rules,RESTRICTED,TEMPORARY_VENDOR_ALLOWED,admin_001,ci_cd,approved,development,True,LOW,False,False
drift-evt-ae21,2026-04-28T07:10:00Z,CLO-020,mfa_enforced,True,True,ci_cd_pipeline,ci_cd,approved,staging,False,LOW,False,False
drift-evt-65f5,2026-05-03T01:30:00Z,IDE-062,encryption_strength,AES-256,False,ci_cd_pipeline,manual,pending,production,False,CRITICAL,True,False
drift-evt-6974,2026-04-25T10:22:00Z,CLO-018,inbound_rules,RESTRICTED,TEMPORARY_VENDOR_ALLOWED,admin_002,ci_cd,approved,production,True,LOW,False,False
drift-evt-8064,2026-05-02T17:50:00Z,CLO-003,inbound_rules,RESTRICTED,PORT_8080_OPENED_ANYWHERE,admin_002,manual,pending,staging,False,MEDIUM,True,False
drift-evt-138f,2026-04-24T08:15:00Z,IDE-062,encryption_strength,AES-256,expired_state,admin_002,manual,expired,production,False,MEDIUM,True,False
drift-evt-b338,2026-05-03T17:51:00Z,IDE-065,mfa_enforced,True,True,admin_001,scheduled_task,approved,development,False,LOW,False,False
drift-evt-72c4,2026-04-22T12:18:00Z,NET-029,agent_status,running,restarting,ci_cd_pipeline,scheduled_task,approved,production,True,LOW,False,False
drift-evt-88ea,2026-04-29T11:13:00Z,END-046,logging_enabled,True,expired_state,autoscaler_bot,manual,expired,production,False,HIGH,True,False
drift-evt-82a2,2026-04-12T13:23:00Z,NET-032,encryption_strength,AES-256,AES-256,autoscaler_bot,automation,approved,production,False,INFO,False,False
drift-evt-a45c,2026-04-10T13:05:00Z,NET-029,agent_status,running,restarting,admin_002,scheduled_task,approved,production,True,LOW,False,False
drift-evt-cec7,2026-05-04T23:12:00Z,END-041,logging_enabled,True,True,admin_001,ci_cd,approved,staging,False,LOW,False,False
drift-evt-75db,2026-05-03T15:37:00Z,CLO-019,agent_status,running,running,autoscaler_bot,automation,approved,development,False,INFO,False,False
drift-evt-3d5a,2026-04-30T09:39:00Z,END-040,mfa_enforced,True,expired_state,autoscaler_bot,manual,expired,production,False,HIGH,True,False
drift-evt-f93b,2026-04-12T02:36:00Z,CLO-008,inbound_rules,RESTRICTED,False,autoscaler_bot,manual,pending,production,False,CRITICAL,True,False
drift-evt-43e9,2026-04-08T21:47:00Z,IDE-062,encryption_strength,AES-256,AES-128,ci_cd_pipeline,manual,pending,production,False,HIGH,True,False
drift-evt-c0d4,2026-04-17T04:04:00Z,CLO-017,encryption_strength,AES-256,AES-256,admin_001,ci_cd,approved,development,False,LOW,False,False
drift-evt-6c17,2026-04-14T17:21:00Z,CLO-019,agent_status,running,restarting,ci_cd_pipeline,scheduled_task,approved,development,True,LOW,False,False
drift-evt-12f4,2026-04-26T00:06:00Z,CLO-013,inbound_rules,RESTRICTED,TEMPORARY_VENDOR_ALLOWED,admin_001,scheduled_task,approved,production,False,LOW,False,False
drift-evt-24cf,2026-04-15T04:03:00Z,IDE-056,logging_enabled,True,True,admin_002,scheduled_task,approved,staging,True,LOW,False,False
drift-evt-87ac,2026-05-03T13:50:00Z,END-046,logging_enabled,True,modified_config_param,autoscaler_bot,manual,pending,production,False,MEDIUM,True,False
drift-evt-bf20,2026-04-15T23:32:00Z,END-049,agent_status,running,modified_config_param,admin_001,manual,pending,production,False,MEDIUM,True,False
drift-evt-fc4e,2026-04-21T09:42:00Z,CLO-017,encryption_strength,AES-256,modified_config_param,autoscaler_bot,manual,pending,development,False,MEDIUM,True,False
drift-evt-80da,2026-05-04T01:42:00Z,IDE-051,logging_enabled,True,modified_config_param,ci_cd_pipeline,manual,pending,development,False,MEDIUM,True,False
drift-evt-607a,2026-04-22T11:35:00Z,NET-029,agent_status,running,restarting,ci_cd_pipeline,scheduled_task,approved,production,True,LOW,False,False
drift-evt-9b2c,2026-04-11T13:00:00Z,NET-031,logging_enabled,True,True,admin_001,scheduled_task,approved,development,True,LOW,False,False
drift-evt-59f5,2026-04-12T00:55:00Z,END-043,inbound_rules,RESTRICTED,PORT_8080_OPENED_ANYWHERE,admin_002,manual,pending,production,False,MEDIUM,True,False
drift-evt-25ce,2026-04-17T13:02:00Z,NET-032,encryption_strength,AES-256,AES-256,ci_cd_pipeline,scheduled_task,approved,production,False,LOW,False,False
drift-evt-b66d,2026-04-08T01:24:00Z,CLO-007,encryption_strength,AES-256,expired_state,admin_002,manual,expired,production,False,MEDIUM,True,False
drift-evt-4994,2026-04-27T02:23:00Z,NET-022,encryption_strength,AES-256,AES-256,admin_002,scheduled_task,approved,production,False,LOW,False,False
drift-evt-2b61,2026-04-25T01:59:00Z,CLO-013,inbound_rules,RESTRICTED,TEMPORARY_VENDOR_ALLOWED,admin_002,ci_cd,approved,production,True,LOW,False,False
drift-evt-1442,2026-04-09T12:30:00Z,END-038,inbound_rules,RESTRICTED,False,ci_cd_pipeline,manual,pending,production,False,CRITICAL,True,False
drift-evt-6844,2026-04-12T18:24:00Z,CLO-010,mfa_enforced,True,True,admin_001,ci_cd,approved,production,False,LOW,False,False
drift-evt-e6ef,2026-04-11T09:56:00Z,CLO-012,encryption_strength,AES-256,AES-256,admin_001,scheduled_task,approved,production,True,LOW,False,False
drift-evt-cc42,2026-04-15T12:14:00Z,IDE-056,logging_enabled,True,True,autoscaler_bot,ci_cd,approved,staging,True,LOW,False,False
drift-evt-527f,2026-04-16T15:31:00Z,IDE-053,inbound_rules,RESTRICTED,TEMPORARY_VENDOR_ALLOWED,admin_001,scheduled_task,approved,development,False,LOW,False,False
drift-evt-5f45,2026-04-10T06:13:00Z,IDE-051,logging_enabled,True,True,admin_002,ci_cd,approved,development,True,LOW,False,False
drift-evt-b8e4,2026-04-27T11:04:00Z,CLO-012,encryption_strength,AES-256,AES-256,admin_001,scheduled_task,approved,production,True,LOW,False,False
drift-evt-1563,2026-04-17T10:03:00Z,NET-022,encryption_strength,AES-256,AES-256,admin_001,ci_cd,approved,production,False,LOW,False,False
drift-evt-c0d0,2026-04-22T00:49:00Z,IDE-051,logging_enabled,True,expired_state,admin_002,manual,expired,development,False,HIGH,True,False
drift-evt-f9ff,2026-04-20T01:28:00Z,CLO-012,encryption_strength,AES-256,False,admin_002,manual,pending,production,False,CRITICAL,True,False
drift-evt-0405,2026-04-25T08:39:00Z,END-048,inbound_rules,RESTRICTED,TEMPORARY_VENDOR_ALLOWED,autoscaler_bot,scheduled_task,approved,production,True,LOW,False,False
drift-evt-5e45,2026-04-29T03:59:00Z,NET-034,agent_status,running,restarting,autoscaler_bot,scheduled_task,approved,staging,True,LOW,False,False
drift-evt-4b04,2026-04-12T09:38:00Z,CLO-011,logging_enabled,True,True,admin_001,scheduled_task,approved,production,True,LOW,False,False
drift-evt-d10e,2026-04-25T14:50:00Z,IDE-054,agent_status,running,weakened_state,admin_002,manual,pending,staging,False,HIGH,True,False
drift-evt-9a35,2026-04-18T17:24:00Z,IDE-061,logging_enabled,True,weakened_state,admin_001,manual,pending,production,False,HIGH,True,False
drift-evt-4ca3,2026-04-09T13:56:00Z,IDE-065,mfa_enforced,True,True,autoscaler_bot,ci_cd,approved,development,False,LOW,False,False
drift-evt-f188,2026-04-15T14:36:00Z,NET-028,inbound_rules,RESTRICTED,TEMPORARY_VENDOR_ALLOWED,autoscaler_bot,ci_cd,approved,staging,True,LOW,False,False
drift-evt-fbb5,2026-04-27T19:34:00Z,NET-026,logging_enabled,True,True,autoscaler_bot,scheduled_task,approved,production,False,LOW,False,False
drift-evt-ae48,2026-04-11T01:12:00Z,CLO-012,encryption_strength,AES-256,AES-256,admin_002,automation,approved,production,False,INFO,False,False
drift-evt-4900,2026-05-03T03:00:00Z,END-042,encryption_strength,AES-256,AES-128,admin_001,manual,pending,staging,False,HIGH,True,False
drift-evt-c817,2026-04-08T13:31:00Z,IDE-054,agent_status,running,stopped,ci_cd_pipeline,manual,pending,staging,False,CRITICAL,True,False
drift-evt-04ed,2026-04-14T17:53:00Z,CLO-013,inbound_rules,RESTRICTED,TEMPORARY_VENDOR_ALLOWED,ci_cd_pipeline,ci_cd,approved,production,False,LOW,False,False
drift-evt-ab05,2026-04-23T15:36:00Z,IDE-053,inbound_rules,RESTRICTED,expired_state,admin_001,manual,expired,development,False,MEDIUM,True,False
drift-evt-e8f7,2026-04-30T02:24:00Z,IDE-061,logging_enabled,True,True,ci_cd_pipeline,ci_cd,approved,production,False,LOW,False,False
drift-evt-93ce,2026-05-05T16:49:00Z,IDE-052,encryption_strength,AES-256,AES-256,ci_cd_pipeline,scheduled_task,approved,staging,False,LOW,False,False
drift-evt-d724,2026-04-10T05:51:00Z,IDE-061,logging_enabled,True,modified_config_param,admin_001,manual,pending,production,False,MEDIUM,True,False
drift-evt-e034,2026-04-08T22:06:00Z,END-044,agent_status,running,running,admin_001,automation,approved,production,False,INFO,False,False
drift-evt-1eb5,2026-04-30T08:59:00Z,CLO-013,inbound_rules,RESTRICTED,TEMPORARY_VENDOR_ALLOWED,autoscaler_bot,ci_cd,approved,production,False,LOW,False,False
drift-evt-60ea,2026-04-28T04:00:00Z,END-042,encryption_strength,AES-256,AES-256,admin_001,automation,approved,staging,False,INFO,False,False
drift-evt-9cbc,2026-05-05T12:48:00Z,CLO-012,encryption_strength,AES-256,modified_config_param,autoscaler_bot,manual,pending,production,False,MEDIUM,True,False
drift-evt-cfa2,2026-04-26T12:45:00Z,IDE-063,inbound_rules,RESTRICTED,TEMPORARY_VENDOR_ALLOWED,admin_001,ci_cd,approved,production,True,LOW,False,False
drift-evt-f91e,2026-05-01T01:34:00Z,IDE-052,encryption_strength,AES-256,AES-256,autoscaler_bot,ci_cd,approved,staging,True,LOW,False,False
drift-evt-9a2b,2026-04-17T03:15:00Z,CLO-008,inbound_rules,RESTRICTED,TEMPORARY_VENDOR_ALLOWED,autoscaler_bot,ci_cd,approved,production,False,LOW,False,False
drift-evt-fa17,2026-04-24T09:38:00Z,NET-026,logging_enabled,True,True,admin_001,scheduled_task,approved,production,False,LOW,False,False
drift-evt-b11a,2026-04-13T15:19:00Z,CLO-004,agent_status,running,stopped,autoscaler_bot,manual,pending,production,False,CRITICAL,True,False
drift-evt-bcac,2026-05-05T00:52:00Z,IDE-058,inbound_rules,RESTRICTED,TEMPORARY_VENDOR_ALLOWED,autoscaler_bot,scheduled_task,approved,production,False,LOW,False,False
drift-evt-dc30,2026-04-19T18:32:00Z,CLO-012,encryption_strength,AES-256,AES-256,admin_001,ci_cd,approved,production,False,LOW,False,False
drift-evt-072c,2026-05-04T01:04:00Z,NET-028,inbound_rules,RESTRICTED,TEMPORARY_VENDOR_ALLOWED,autoscaler_bot,ci_cd,approved,staging,True,LOW,False,False
drift-evt-8dcf,2026-04-26T15:18:00Z,CLO-003,inbound_rules,RESTRICTED,TEMPORARY_VENDOR_ALLOWED,ci_cd_pipeline,scheduled_task,approved,staging,True,LOW,False,False
drift-evt-71e4,2026-05-05T08:37:00Z,CLO-002,encryption_strength,AES-256,modified_config_param,autoscaler_bot,manual,pending,production,False,MEDIUM,True,False
drift-evt-3d21,2026-04-21T21:39:00Z,END-036,logging_enabled,True,True,admin_002,scheduled_task,approved,production,False,LOW,False,False
drift-evt-7df4,2026-04-17T22:21:00Z,IDE-060,mfa_enforced,True,False,admin_001,manual,pending,production,False,CRITICAL,True,False
drift-evt-d687,2026-04-26T01:48:00Z,CLO-014,agent_status,running,modified_config_param,ci_cd_pipeline,manual,pending,production,False,MEDIUM,True,False
drift-evt-d51a,2026-04-25T00:46:00Z,END-037,encryption_strength,AES-256,False,admin_001,manual,pending,development,False,CRITICAL,True,False
drift-evt-7d6b,2026-04-29T22:12:00Z,CLO-009,agent_status,running,modified_config_param,admin_001,manual,pending,development,False,MEDIUM,True,False
drift-evt-354a,2026-04-22T19:09:00Z,END-036,logging_enabled,True,True,admin_001,automation,approved,production,False,INFO,False,False
drift-evt-433b,2026-04-21T14:22:00Z,NET-025,mfa_enforced,True,modified_config_param,autoscaler_bot,manual,pending,staging,False,MEDIUM,True,False
drift-evt-5770,2026-04-18T22:29:00Z,CLO-008,inbound_rules,RESTRICTED,False,admin_002,manual,pending,production,False,CRITICAL,True,False
drift-evt-7f58,2026-04-14T08:51:00Z,CLO-004,agent_status,running,modified_config_param,admin_002,manual,pending,production,False,MEDIUM,True,False
drift-evt-8dd8,2026-04-19T19:22:00Z,IDE-054,agent_status,running,running,admin_002,automation,approved,staging,False,INFO,False,False
drift-evt-c90b,2026-04-09T14:35:00Z,NET-025,mfa_enforced,True,True,admin_001,ci_cd,approved,staging,False,LOW,False,False
drift-evt-cbe9,2026-04-24T07:35:00Z,IDE-065,mfa_enforced,True,True,admin_001,automation,approved,development,False,INFO,False,False
drift-evt-9c0f,2026-05-03T09:46:00Z,NET-024,agent_status,running,expired_state,admin_001,manual,expired,staging,False,HIGH,True,False
drift-evt-c705,2026-04-13T19:45:00Z,NET-034,agent_status,running,restarting,autoscaler_bot,scheduled_task,approved,staging,True,LOW,False,False
drift-evt-f626,2026-04-18T03:57:00Z,END-040,mfa_enforced,True,True,admin_002,scheduled_task,approved,production,False,LOW,False,False
drift-evt-b845,2026-04-21T09:11:00Z,IDE-060,mfa_enforced,True,True,ci_cd_pipeline,scheduled_task,approved,production,True,LOW,False,False
drift-evt-ee57,2026-05-04T13:26:00Z,CLO-010,mfa_enforced,True,expired_state,admin_002,manual,expired,production,False,HIGH,True,False
drift-evt-ec34,2026-04-30T18:40:00Z,CLO-016,logging_enabled,True,True,admin_002,automation,approved,production,False,INFO,False,False
drift-evt-11aa,2026-04-26T19:14:00Z,CLO-007,encryption_strength,AES-256,AES-128,autoscaler_bot,manual,pending,production,False,HIGH,True,False
drift-evt-e738,2026-04-17T02:47:00Z,END-044,agent_status,running,restarting,admin_002,scheduled_task,approved,production,True,LOW,False,False
drift-evt-45e7,2026-04-16T05:00:00Z,CLO-011,logging_enabled,True,True,admin_002,scheduled_task,approved,production,True,LOW,False,False
drift-evt-e3ec,2026-04-10T15:22:00Z,CLO-001,logging_enabled,True,True,admin_002,scheduled_task,approved,production,True,LOW,False,False
drift-evt-90cd,2026-04-15T16:10:00Z,NET-021,logging_enabled,True,expired_state,admin_002,manual,expired,production,False,HIGH,True,False
drift-evt-c123,2026-04-12T00:10:00Z,CLO-017,encryption_strength,AES-256,expired_state,admin_002,manual,expired,development,False,MEDIUM,True,False
drift-evt-1584,2026-04-26T08:37:00Z,IDE-055,mfa_enforced,True,modified_config_param,admin_002,manual,pending,production,False,MEDIUM,True,False
drift-evt-a212,2026-04-09T17:13:00Z,NET-026,logging_enabled,True,True,admin_001,ci_cd,approved,production,False,LOW,False,False
drift-evt-eea8,2026-05-02T04:02:00Z,NET-025,mfa_enforced,True,expired_state,ci_cd_pipeline,manual,expired,staging,False,HIGH,True,False
drift-evt-92f2,2026-04-19T07:47:00Z,NET-029,agent_status,running,modified_config_param,admin_001,manual,pending,production,False,MEDIUM,True,False
drift-evt-56e3,2026-04-12T16:12:00Z,END-050,mfa_enforced,True,True,admin_001,ci_cd,approved,production,True,LOW,False,False
drift-evt-1e00,2026-04-21T13:43:00Z,END-038,inbound_rules,RESTRICTED,expired_state,admin_002,manual,expired,production,False,MEDIUM,True,False
drift-evt-6a0c,2026-05-05T03:24:00Z,END-044,agent_status,running,modified_config_param,admin_002,manual,pending,production,False,MEDIUM,True,False
drift-evt-7b14,2026-04-14T02:09:00Z,END-044,agent_status,running,running,admin_002,automation,approved,production,False,INFO,False,False
drift-evt-6e1a,2026-04-16T13:49:00Z,NET-022,encryption_strength,AES-256,AES-256,admin_002,ci_cd,approved,production,True,LOW,False,False
drift-evt-9e8d,2026-04-13T23:19:00Z,NET-028,inbound_rules,RESTRICTED,TEMPORARY_VENDOR_ALLOWED,ci_cd_pipeline,ci_cd,approved,staging,True,LOW,False,False
drift-evt-568f,2026-04-09T16:49:00Z,END-049,agent_status,running,restarting,admin_001,ci_cd,approved,production,True,LOW,False,False
drift-evt-1c63,2026-04-08T21:34:00Z,CLO-007,encryption_strength,AES-256,modified_config_param,ci_cd_pipeline,manual,pending,production,False,MEDIUM,True,False
drift-evt-a70c,2026-04-25T07:21:00Z,CLO-016,logging_enabled,True,True,admin_001,scheduled_task,approved,production,True,LOW,False,False
drift-evt-7ca2,2026-04-08T10:10:00Z,END-039,agent_status,running,restarting,admin_002,ci_cd,approved,development,False,LOW,False,False
drift-evt-74b9,2026-04-14T05:50:00Z,IDE-054,agent_status,running,modified_config_param,ci_cd_pipeline,manual,pending,staging,False,MEDIUM,True,False
drift-evt-4867,2026-04-13T08:36:00Z,END-037,encryption_strength,AES-256,False,ci_cd_pipeline,manual,pending,development,False,CRITICAL,True,False
drift-evt-a8d8,2026-04-30T15:40:00Z,NET-026,logging_enabled,True,expired_state,autoscaler_bot,manual,expired,production,False,HIGH,True,False
drift-evt-b5f0,2026-05-01T19:25:00Z,NET-026,logging_enabled,True,expired_state,admin_001,manual,expired,production,False,HIGH,True,False
drift-evt-88ab,2026-04-21T10:37:00Z,NET-021,logging_enabled,True,modified_config_param,ci_cd_pipeline,manual,pending,production,False,MEDIUM,True,False
drift-evt-258d,2026-04-17T10:52:00Z,IDE-062,encryption_strength,AES-256,AES-128,admin_001,manual,pending,production,False,HIGH,True,False
drift-evt-6031,2026-04-08T13:56:00Z,CLO-012,encryption_strength,AES-256,AES-256,ci_cd_pipeline,scheduled_task,approved,production,True,LOW,False,False
drift-evt-a43a,2026-05-01T06:56:00Z,CLO-010,mfa_enforced,True,True,ci_cd_pipeline,automation,approved,production,False,INFO,False,False
drift-evt-9dca,2026-04-18T12:30:00Z,IDE-059,agent_status,running,running,admin_001,automation,approved,staging,False,INFO,False,False
drift-evt-552c,2026-04-10T06:43:00Z,CLO-013,inbound_rules,RESTRICTED,TEMPORARY_VENDOR_ALLOWED,autoscaler_bot,ci_cd,approved,production,False,LOW,False,False
drift-evt-18c8,2026-04-22T05:34:00Z,IDE-055,mfa_enforced,True,True,ci_cd_pipeline,ci_cd,approved,production,True,LOW,False,False
drift-evt-5c4d,2026-04-14T07:10:00Z,NET-022,encryption_strength,AES-256,AES-256,admin_001,scheduled_task,approved,production,False,LOW,False,False
drift-evt-5162,2026-04-20T05:04:00Z,CLO-012,encryption_strength,AES-256,AES-256,admin_001,automation,approved,production,False,INFO,False,False
drift-evt-fa5a,2026-04-16T07:45:00Z,CLO-015,mfa_enforced,True,expired_state,admin_002,manual,expired,production,False,HIGH,True,False
drift-evt-d6fa,2026-04-28T18:40:00Z,NET-035,mfa_enforced,True,True,admin_002,scheduled_task,approved,staging,False,LOW,False,False
drift-evt-92ff,2026-04-15T14:11:00Z,CLO-015,mfa_enforced,True,modified_config_param,autoscaler_bot,manual,pending,production,False,MEDIUM,True,False
drift-evt-a1fa,2026-04-10T16:04:00Z,NET-021,logging_enabled,True,modified_config_param,ci_cd_pipeline,manual,pending,production,False,MEDIUM,True,False
drift-evt-505e,2026-05-04T21:16:00Z,IDE-062,encryption_strength,AES-256,AES-256,admin_002,ci_cd,approved,production,False,LOW,False,False
drift-evt-cc00,2026-04-09T07:29:00Z,CLO-017,encryption_strength,AES-256,expired_state,admin_002,manual,expired,development,False,MEDIUM,True,False
drift-evt-42f4,2026-04-13T03:22:00Z,IDE-053,inbound_rules,RESTRICTED,RESTRICTED,admin_002,automation,approved,development,False,INFO,False,False
drift-evt-56ef,2026-04-19T21:46:00Z,END-041,logging_enabled,True,True,ci_cd_pipeline,ci_cd,approved,staging,False,LOW,False,False
drift-evt-5dcd,2026-04-12T08:02:00Z,IDE-056,logging_enabled,True,False,autoscaler_bot,manual,pending,staging,False,CRITICAL,True,False
drift-evt-98e3,2026-04-25T12:24:00Z,CLO-020,mfa_enforced,True,False,ci_cd_pipeline,manual,pending,staging,False,CRITICAL,True,False
drift-evt-ea75,2026-04-15T03:25:00Z,IDE-065,mfa_enforced,True,True,admin_002,scheduled_task,approved,development,True,LOW,False,False
drift-evt-3ad3,2026-04-30T09:01:00Z,END-042,encryption_strength,AES-256,AES-256,autoscaler_bot,scheduled_task,approved,staging,False,LOW,False,False
drift-evt-69f7,2026-04-18T03:16:00Z,END-049,agent_status,running,restarting,admin_002,ci_cd,approved,production,True,LOW,False,False
drift-evt-8d2d,2026-05-04T01:55:00Z,IDE-058,inbound_rules,RESTRICTED,False,ci_cd_pipeline,manual,pending,production,False,CRITICAL,True,False
drift-evt-e88f,2026-04-28T08:20:00Z,END-041,logging_enabled,True,expired_state,ci_cd_pipeline,manual,expired,staging,False,HIGH,True,False
drift-evt-fdaa,2026-04-08T19:25:00Z,CLO-014,agent_status,running,running,admin_002,automation,approved,production,False,INFO,False,False
drift-evt-35da,2026-05-03T08:33:00Z,CLO-001,logging_enabled,True,True,ci_cd_pipeline,scheduled_task,approved,production,True,LOW,False,False
drift-evt-00d4,2026-04-28T18:19:00Z,END-044,agent_status,running,modified_config_param,admin_001,manual,pending,production,False,MEDIUM,True,False
drift-evt-2c04,2026-04-18T03:30:00Z,IDE-059,agent_status,running,expired_state,admin_001,manual,expired,staging,False,HIGH,True,False
drift-evt-2827,2026-05-05T07:19:00Z,IDE-061,logging_enabled,True,weakened_state,admin_001,manual,pending,production,False,HIGH,True,False
drift-evt-8165,2026-04-13T04:33:00Z,CLO-013,inbound_rules,RESTRICTED,PORT_8080_OPENED_ANYWHERE,autoscaler_bot,manual,pending,production,False,MEDIUM,True,False
drift-evt-3038,2026-04-24T03:55:00Z,END-038,inbound_rules,RESTRICTED,TEMPORARY_VENDOR_ALLOWED,admin_001,ci_cd,approved,production,True,LOW,False,False
drift-evt-0450,2026-04-30T09:52:00Z,CLO-018,inbound_rules,RESTRICTED,RESTRICTED,admin_002,automation,approved,production,False,INFO,False,False
drift-evt-2d91,2026-04-16T22:00:00Z,NET-025,mfa_enforced,True,True,ci_cd_pipeline,scheduled_task,approved,staging,True,LOW,False,False
drift-evt-c9f3,2026-04-16T16:10:00Z,END-044,agent_status,running,stopped,ci_cd_pipeline,manual,pending,production,False,CRITICAL,True,False
drift-evt-4492,2026-04-10T02:48:00Z,CLO-016,logging_enabled,True,expired_state,admin_002,manual,expired,production,False,HIGH,True,False
drift-evt-f45b,2026-05-04T19:42:00Z,IDE-065,mfa_enforced,True,False,autoscaler_bot,manual,pending,development,False,CRITICAL,True,False
drift-evt-7673,2026-04-08T04:45:00Z,CLO-007,encryption_strength,AES-256,AES-256,admin_002,automation,approved,production,False,INFO,False,False
drift-evt-fd24,2026-04-29T23:30:00Z,NET-023,inbound_rules,RESTRICTED,expired_state,autoscaler_bot,manual,expired,development,False,MEDIUM,True,False
drift-evt-7b1d,2026-04-13T20:14:00Z,CLO-014,agent_status,running,modified_config_param,admin_002,manual,pending,production,False,MEDIUM,True,False
drift-evt-89fa,2026-05-05T14:06:00Z,END-042,encryption_strength,AES-256,modified_config_param,admin_002,manual,pending,staging,False,MEDIUM,True,False
drift-evt-a8f5,2026-05-05T17:12:00Z,NET-032,encryption_strength,AES-256,AES-256,admin_001,scheduled_task,approved,production,False,LOW,False,False
drift-evt-c1b1,2026-04-28T14:38:00Z,CLO-018,inbound_rules,RESTRICTED,RESTRICTED,autoscaler_bot,automation,approved,production,False,INFO,False,False
drift-evt-d945,2026-05-01T07:34:00Z,END-039,agent_status,running,restarting,admin_001,ci_cd,approved,development,True,LOW,False,False
drift-evt-cca1,2026-04-21T05:24:00Z,END-045,mfa_enforced,True,True,autoscaler_bot,ci_cd,approved,production,False,LOW,False,False
drift-evt-3259,2026-04-24T00:45:00Z,IDE-062,encryption_strength,AES-256,modified_config_param,admin_002,manual,pending,production,False,MEDIUM,True,False
drift-evt-c5b4,2026-05-02T07:10:00Z,END-037,encryption_strength,AES-256,modified_config_param,admin_002,manual,pending,development,False,MEDIUM,True,False
drift-evt-555c,2026-05-01T18:58:00Z,CLO-014,agent_status,running,expired_state,ci_cd_pipeline,manual,expired,production,False,HIGH,True,False
drift-evt-73c5,2026-04-10T09:58:00Z,CLO-008,inbound_rules,RESTRICTED,TEMPORARY_VENDOR_ALLOWED,autoscaler_bot,scheduled_task,approved,production,True,LOW,False,False
drift-evt-17bc,2026-04-19T09:41:00Z,CLO-019,agent_status,running,running,ci_cd_pipeline,automation,approved,development,False,INFO,False,False
drift-evt-3daa,2026-04-21T10:23:00Z,NET-027,encryption_strength,AES-256,modified_config_param,ci_cd_pipeline,manual,pending,production,False,MEDIUM,True,False
drift-evt-f394,2026-04-28T14:22:00Z,CLO-014,agent_status,running,restarting,autoscaler_bot,scheduled_task,approved,production,True,LOW,False,False
drift-evt-c7a9,2026-04-21T02:11:00Z,CLO-007,encryption_strength,AES-256,False,admin_002,manual,pending,production,False,CRITICAL,True,False
drift-evt-9234,2026-04-22T05:31:00Z,CLO-007,encryption_strength,AES-256,AES-256,ci_cd_pipeline,scheduled_task,approved,production,True,LOW,False,False
drift-evt-3aa6,2026-04-28T03:57:00Z,NET-029,agent_status,running,modified_config_param,admin_001,manual,pending,production,False,MEDIUM,True,False
drift-evt-ddc0,2026-05-02T21:03:00Z,NET-026,logging_enabled,True,expired_state,autoscaler_bot,manual,expired,production,False,HIGH,True,False
drift-evt-a6c0,2026-04-16T01:48:00Z,CLO-010,mfa_enforced,True,True,autoscaler_bot,ci_cd,approved,production,True,LOW,False,False
drift-evt-fe5a,2026-04-27T12:03:00Z,END-036,logging_enabled,True,True,admin_001,ci_cd,approved,production,True,LOW,False,False
drift-evt-74bf,2026-04-19T14:33:00Z,CLO-001,logging_enabled,True,weakened_state,admin_001,manual,pending,production,False,HIGH,True,False
drift-evt-8fca,2026-04-15T01:06:00Z,CLO-006,logging_enabled,True,False,autoscaler_bot,manual,pending,production,False,CRITICAL,True,False
drift-evt-3669,2026-05-05T03:58:00Z,CLO-007,encryption_strength,AES-256,AES-256,admin_001,automation,approved,production,False,INFO,False,False
drift-evt-a72e,2026-05-04T01:31:00Z,END-046,logging_enabled,True,False,ci_cd_pipeline,manual,pending,production,False,CRITICAL,True,False
drift-evt-c1db,2026-04-22T11:12:00Z,NET-029,agent_status,running,expired_state,autoscaler_bot,manual,expired,production,False,HIGH,True,False
drift-evt-1ae5,2026-04-30T23:45:00Z,NET-021,logging_enabled,True,weakened_state,admin_002,manual,pending,production,False,HIGH,True,False
drift-evt-847b,2026-04-26T08:39:00Z,CLO-012,encryption_strength,AES-256,AES-128,admin_001,manual,pending,production,False,HIGH,True,False
drift-evt-df4d,2026-04-17T17:03:00Z,END-043,inbound_rules,RESTRICTED,TEMPORARY_VENDOR_ALLOWED,admin_001,scheduled_task,approved,production,False,LOW,False,False
drift-evt-2adf,2026-05-02T03:27:00Z,IDE-061,logging_enabled,True,True,ci_cd_pipeline,ci_cd,approved,production,False,LOW,False,False
drift-evt-7937,2026-04-19T02:20:00Z,CLO-006,logging_enabled,True,True,admin_001,scheduled_task,approved,production,True,LOW,False,False
drift-evt-f2c8,2026-05-02T14:05:00Z,END-037,encryption_strength,AES-256,AES-256,ci_cd_pipeline,scheduled_task,approved,development,False,LOW,False,False
drift-evt-bf41,2026-04-21T11:48:00Z,NET-025,mfa_enforced,True,False,admin_001,manual,pending,staging,False,CRITICAL,True,False
drift-evt-39ca,2026-04-12T08:49:00Z,NET-022,encryption_strength,AES-256,False,ci_cd_pipeline,manual,pending,production,False,CRITICAL,True,False
drift-evt-e61c,2026-04-17T14:14:00Z,NET-028,inbound_rules,RESTRICTED,PORT_8080_OPENED_ANYWHERE,admin_002,manual,pending,staging,False,MEDIUM,True,False
drift-evt-297e,2026-04-17T08:33:00Z,IDE-056,logging_enabled,True,expired_state,ci_cd_pipeline,manual,expired,staging,False,HIGH,True,False
drift-evt-821f,2026-04-14T23:57:00Z,CLO-004,agent_status,running,modified_config_param,admin_002,manual,pending,production,False,MEDIUM,True,False
drift-evt-91a7,2026-04-09T17:23:00Z,CLO-012,encryption_strength,AES-256,modified_config_param,ci_cd_pipeline,manual,pending,production,False,MEDIUM,True,False
drift-evt-334d,2026-04-19T11:10:00Z,CLO-010,mfa_enforced,True,True,autoscaler_bot,scheduled_task,approved,production,False,LOW,False,False
drift-evt-f449,2026-04-26T09:46:00Z,IDE-056,logging_enabled,True,True,admin_001,ci_cd,approved,staging,False,LOW,False,False
drift-evt-d345,2026-05-02T08:11:00Z,CLO-001,logging_enabled,True,modified_config_param,ci_cd_pipeline,manual,pending,production,False,MEDIUM,True,False
drift-evt-0d83,2026-05-04T15:39:00Z,CLO-006,logging_enabled,True,expired_state,ci_cd_pipeline,manual,expired,production,False,HIGH,True,False
drift-evt-0b40,2026-04-30T21:14:00Z,CLO-014,agent_status,running,restarting,admin_001,scheduled_task,approved,production,True,LOW,False,False
drift-evt-30a7,2026-04-27T22:04:00Z,END-049,agent_status,running,restarting,admin_002,ci_cd,approved,production,False,LOW,False,False
drift-evt-5b1d,2026-04-18T00:10:00Z,CLO-018,inbound_rules,RESTRICTED,TEMPORARY_VENDOR_ALLOWED,admin_002,scheduled_task,approved,production,True,LOW,False,False
drift-evt-d050,2026-04-24T23:34:00Z,CLO-002,encryption_strength,AES-256,AES-256,autoscaler_bot,ci_cd,approved,production,True,LOW,False,False
drift-evt-6529,2026-05-05T03:43:00Z,IDE-051,logging_enabled,True,True,ci_cd_pipeline,scheduled_task,approved,development,True,LOW,False,False
drift-evt-c3f3,2026-04-23T15:35:00Z,NET-028,inbound_rules,RESTRICTED,PORT_8080_OPENED_ANYWHERE,admin_002,manual,pending,staging,False,MEDIUM,True,False
drift-evt-a159,2026-05-01T07:51:00Z,CLO-019,agent_status,running,running,autoscaler_bot,automation,approved,development,False,INFO,False,False
drift-evt-9e84,2026-04-19T12:04:00Z,NET-025,mfa_enforced,True,True,ci_cd_pipeline,ci_cd,approved,staging,True,LOW,False,False
drift-evt-e3a4,2026-05-02T23:30:00Z,IDE-060,mfa_enforced,True,expired_state,ci_cd_pipeline,manual,expired,production,False,HIGH,True,False
drift-evt-b6e3,2026-04-11T01:35:00Z,NET-033,inbound_rules,RESTRICTED,TEMPORARY_VENDOR_ALLOWED,ci_cd_pipeline,ci_cd,approved,staging,False,LOW,False,False
drift-evt-c652,2026-04-24T06:06:00Z,CLO-017,encryption_strength,AES-256,AES-256,autoscaler_bot,automation,approved,development,False,INFO,False,False
drift-evt-1913,2026-04-11T04:15:00Z,NET-025,mfa_enforced,True,True,admin_001,scheduled_task,approved,staging,False,LOW,False,False
drift-evt-28db,2026-04-21T21:53:00Z,CLO-020,mfa_enforced,True,True,admin_001,scheduled_task,approved,staging,False,LOW,False,False
drift-evt-2cad,2026-04-22T06:07:00Z,NET-032,encryption_strength,AES-256,AES-256,autoscaler_bot,scheduled_task,approved,production,False,LOW,False,False
drift-evt-d84b,2026-04-14T02:42:00Z,END-043,inbound_rules,RESTRICTED,expired_state,admin_002,manual,expired,production,False,MEDIUM,True,False
drift-evt-6824,2026-04-24T07:51:00Z,END-040,mfa_enforced,True,False,admin_002,manual,pending,production,False,CRITICAL,True,False
drift-evt-0c5c,2026-04-16T00:00:00Z,CLO-011,logging_enabled,True,weakened_state,admin_001,manual,pending,production,False,HIGH,True,False
drift-evt-a388,2026-04-14T08:56:00Z,NET-026,logging_enabled,True,expired_state,admin_001,manual,expired,production,False,HIGH,True,False
drift-evt-8c06,2026-04-11T11:32:00Z,CLO-010,mfa_enforced,True,modified_config_param,ci_cd_pipeline,manual,pending,production,False,MEDIUM,True,False
drift-evt-5426,2026-04-09T10:05:00Z,IDE-052,encryption_strength,AES-256,expired_state,autoscaler_bot,manual,expired,staging,False,MEDIUM,True,False
drift-evt-f5f5,2026-05-03T02:30:00Z,NET-034,agent_status,running,running,admin_002,automation,approved,staging,False,INFO,False,False
drift-evt-cb7e,2026-04-14T18:21:00Z,END-047,encryption_strength,AES-256,modified_config_param,admin_002,manual,pending,staging,False,MEDIUM,True,False
drift-evt-c48a,2026-05-04T20:01:00Z,END-038,inbound_rules,RESTRICTED,TEMPORARY_VENDOR_ALLOWED,autoscaler_bot,scheduled_task,approved,production,True,LOW,False,False
drift-evt-4832,2026-04-30T20:31:00Z,CLO-002,encryption_strength,AES-256,AES-256,autoscaler_bot,ci_cd,approved,production,True,LOW,False,False
drift-evt-014d,2026-04-16T03:41:00Z,CLO-019,agent_status,running,restarting,admin_002,scheduled_task,approved,development,True,LOW,False,False
drift-evt-9b32,2026-04-30T04:39:00Z,NET-030,mfa_enforced,True,True,ci_cd_pipeline,scheduled_task,approved,production,False,LOW,False,False
drift-evt-be09,2026-04-17T09:52:00Z,END-047,encryption_strength,AES-256,AES-256,admin_002,scheduled_task,approved,staging,False,LOW,False,False
drift-evt-d606,2026-04-09T19:36:00Z,END-042,encryption_strength,AES-256,AES-256,ci_cd_pipeline,automation,approved,staging,False,INFO,False,False
drift-evt-3789,2026-05-01T17:29:00Z,END-036,logging_enabled,True,modified_config_param,admin_001,manual,pending,production,False,MEDIUM,True,False
drift-evt-96c1,2026-05-03T22:47:00Z,NET-023,inbound_rules,RESTRICTED,weakened_state,admin_002,manual,pending,development,False,HIGH,True,False
drift-evt-4b97,2026-04-24T15:01:00Z,CLO-010,mfa_enforced,True,modified_config_param,admin_001,manual,pending,production,False,MEDIUM,True,False
drift-evt-7725,2026-04-18T03:28:00Z,IDE-052,encryption_strength,AES-256,AES-256,admin_001,scheduled_task,approved,staging,False,LOW,False,False
drift-evt-22af,2026-05-05T11:58:00Z,CLO-001,logging_enabled,True,expired_state,autoscaler_bot,manual,expired,production,False,HIGH,True,False
drift-evt-893f,2026-04-18T11:13:00Z,CLO-010,mfa_enforced,True,True,admin_001,ci_cd,approved,production,True,LOW,False,False
drift-evt-7992,2026-04-24T11:39:00Z,CLO-016,logging_enabled,True,True,autoscaler_bot,scheduled_task,approved,production,False,LOW,False,False
drift-evt-6e86,2026-04-29T21:57:00Z,IDE-062,encryption_strength,AES-256,modified_config_param,admin_002,manual,pending,production,False,MEDIUM,True,False
drift-evt-82f8,2026-04-15T08:08:00Z,IDE-053,inbound_rules,RESTRICTED,TEMPORARY_VENDOR_ALLOWED,ci_cd_pipeline,ci_cd,approved,development,True,LOW,False,False
drift-evt-e3c3,2026-05-04T23:01:00Z,NET-021,logging_enabled,True,True,autoscaler_bot,ci_cd,approved,production,True,LOW,False,False
drift-evt-a956,2026-04-19T18:06:00Z,NET-024,agent_status,running,restarting,admin_002,ci_cd,approved,staging,False,LOW,False,False
drift-evt-03db,2026-04-17T20:35:00Z,IDE-058,inbound_rules,RESTRICTED,RESTRICTED,admin_002,automation,approved,production,False,INFO,False,False
drift-evt-e53c,2026-04-15T18:19:00Z,NET-029,agent_status,running,expired_state,admin_002,manual,expired,production,False,HIGH,True,False
drift-evt-2cbc,2026-05-04T12:25:00Z,NET-024,agent_status,running,weakened_state,admin_001,manual,pending,staging,False,HIGH,True,False
drift-evt-9dc2,2026-04-23T14:18:00Z,IDE-059,agent_status,running,restarting,ci_cd_pipeline,ci_cd,approved,staging,False,LOW,False,False
drift-evt-336d,2026-04-12T22:36:00Z,CLO-003,inbound_rules,RESTRICTED,TEMPORARY_VENDOR_ALLOWED,autoscaler_bot,scheduled_task,approved,staging,True,LOW,False,False
drift-evt-9d96,2026-04-16T01:48:00Z,IDE-061,logging_enabled,True,weakened_state,ci_cd_pipeline,manual,pending,production,False,HIGH,True,False
drift-evt-784a,2026-05-02T04:28:00Z,IDE-065,mfa_enforced,True,True,ci_cd_pipeline,automation,approved,development,False,INFO,False,False
drift-evt-311d,2026-04-13T22:22:00Z,CLO-001,logging_enabled,True,True,admin_002,scheduled_task,approved,production,False,LOW,False,False
drift-evt-d231,2026-05-02T02:43:00Z,IDE-055,mfa_enforced,True,True,autoscaler_bot,automation,approved,production,False,INFO,False,False
drift-evt-1374,2026-04-29T22:37:00Z,END-049,agent_status,running,running,admin_001,automation,approved,production,False,INFO,False,False
drift-evt-1e54,2026-05-04T05:17:00Z,CLO-013,inbound_rules,RESTRICTED,weakened_state,admin_002,manual,pending,production,False,HIGH,True,False
drift-evt-de98,2026-04-29T17:10:00Z,NET-030,mfa_enforced,True,True,ci_cd_pipeline,scheduled_task,approved,production,False,LOW,False,False
drift-evt-8cb8,2026-04-08T05:59:00Z,CLO-001,logging_enabled,True,True,ci_cd_pipeline,ci_cd,approved,production,False,LOW,False,False
drift-evt-c975,2026-04-22T09:03:00Z,IDE-053,inbound_rules,RESTRICTED,PORT_8080_OPENED_ANYWHERE,admin_001,manual,pending,development,False,MEDIUM,True,False
drift-evt-c46a,2026-04-27T09:24:00Z,NET-033,inbound_rules,RESTRICTED,TEMPORARY_VENDOR_ALLOWED,admin_001,scheduled_task,approved,staging,False,LOW,False,False
drift-evt-93bf,2026-04-26T02:08:00Z,NET-027,encryption_strength,AES-256,AES-128,admin_002,manual,pending,production,False,HIGH,True,False
drift-evt-6f01,2026-05-03T09:01:00Z,IDE-062,encryption_strength,AES-256,AES-128,autoscaler_bot,manual,pending,production,False,HIGH,True,False
drift-evt-5416,2026-05-03T06:07:00Z,IDE-062,encryption_strength,AES-256,AES-256,admin_001,scheduled_task,approved,production,False,LOW,False,False
drift-evt-6546,2026-04-26T02:52:00Z,CLO-018,inbound_rules,RESTRICTED,expired_state,ci_cd_pipeline,manual,expired,production,False,MEDIUM,True,False
drift-evt-25b8,2026-04-28T07:49:00Z,NET-021,logging_enabled,True,modified_config_param,ci_cd_pipeline,manual,pending,production,False,MEDIUM,True,False
drift-evt-700c,2026-04-26T05:32:00Z,END-044,agent_status,running,restarting,ci_cd_pipeline,ci_cd,approved,production,False,LOW,False,False
drift-evt-6682,2026-04-08T05:47:00Z,CLO-012,encryption_strength,AES-256,AES-256,autoscaler_bot,automation,approved,production,False,INFO,False,False
drift-evt-676a,2026-05-05T07:38:00Z,IDE-056,logging_enabled,True,False,ci_cd_pipeline,manual,pending,staging,False,CRITICAL,True,False
drift-evt-1cb8,2026-04-18T02:14:00Z,END-048,inbound_rules,RESTRICTED,TEMPORARY_VENDOR_ALLOWED,ci_cd_pipeline,ci_cd,approved,production,False,LOW,False,False
drift-evt-4dff,2026-04-26T05:37:00Z,END-037,encryption_strength,AES-256,AES-256,ci_cd_pipeline,automation,approved,development,False,INFO,False,False
drift-evt-1a9d,2026-04-15T23:27:00Z,IDE-064,agent_status,running,running,admin_002,automation,approved,development,False,INFO,False,False
drift-evt-fa42,2026-05-01T13:58:00Z,END-037,encryption_strength,AES-256,AES-256,autoscaler_bot,ci_cd,approved,development,True,LOW,False,False
drift-evt-6aa4,2026-04-09T15:24:00Z,END-047,encryption_strength,AES-256,AES-128,autoscaler_bot,manual,pending,staging,False,HIGH,True,False
drift-evt-82f9,2026-04-15T03:59:00Z,CLO-012,encryption_strength,AES-256,modified_config_param,admin_001,manual,pending,production,False,MEDIUM,True,False
drift-evt-f0c9,2026-04-24T01:43:00Z,IDE-051,logging_enabled,True,expired_state,admin_002,manual,expired,development,False,HIGH,True,False
drift-evt-1d8f,2026-05-01T13:31:00Z,CLO-002,encryption_strength,AES-256,AES-128,ci_cd_pipeline,manual,pending,production,False,HIGH,True,False
drift-evt-443c,2026-05-03T00:19:00Z,END-037,encryption_strength,AES-256,AES-256,admin_001,automation,approved,development,False,INFO,False,False
drift-evt-441e,2026-04-20T14:02:00Z,NET-029,agent_status,running,restarting,autoscaler_bot,scheduled_task,approved,production,False,LOW,False,False
drift-evt-7765,2026-04-19T21:12:00Z,NET-023,inbound_rules,RESTRICTED,weakened_state,admin_002,manual,pending,development,False,HIGH,True,False
drift-evt-16ec,2026-05-03T10:11:00Z,CLO-010,mfa_enforced,True,False,admin_001,manual,pending,production,False,CRITICAL,True,False
drift-evt-1491,2026-04-13T07:49:00Z,NET-033,inbound_rules,RESTRICTED,TEMPORARY_VENDOR_ALLOWED,admin_001,scheduled_task,approved,staging,False,LOW,False,False
drift-evt-2fbf,2026-04-19T01:44:00Z,END-044,agent_status,running,weakened_state,admin_002,manual,pending,production,False,HIGH,True,False
drift-evt-855e,2026-05-04T16:59:00Z,CLO-004,agent_status,running,modified_config_param,admin_002,manual,pending,production,False,MEDIUM,True,False
drift-evt-23e5,2026-04-11T01:48:00Z,END-049,agent_status,running,restarting,autoscaler_bot,ci_cd,approved,production,False,LOW,False,False
drift-evt-3019,2026-04-24T01:41:00Z,CLO-002,encryption_strength,AES-256,AES-256,admin_001,ci_cd,approved,production,False,LOW,False,False
drift-evt-21d2,2026-04-23T13:33:00Z,CLO-010,mfa_enforced,True,True,autoscaler_bot,scheduled_task,approved,production,False,LOW,False,False
drift-evt-1e6d,2026-05-04T02:39:00Z,NET-035,mfa_enforced,True,True,autoscaler_bot,ci_cd,approved,staging,False,LOW,False,False
drift-evt-9615,2026-04-18T16:32:00Z,NET-031,logging_enabled,True,modified_config_param,admin_001,manual,pending,development,False,MEDIUM,True,False
drift-evt-6685,2026-04-17T05:29:00Z,NET-032,encryption_strength,AES-256,AES-256,admin_001,ci_cd,approved,production,True,LOW,False,False
drift-evt-6b44,2026-04-11T13:44:00Z,IDE-064,agent_status,running,restarting,ci_cd_pipeline,ci_cd,approved,development,False,LOW,False,False
drift-evt-7921,2026-04-22T08:32:00Z,IDE-064,agent_status,running,restarting,admin_001,scheduled_task,approved,development,True,LOW,False,False
drift-evt-8fb6,2026-05-01T06:18:00Z,END-036,logging_enabled,True,True,admin_002,automation,approved,production,False,INFO,False,False
drift-evt-6c10,2026-05-04T05:53:00Z,CLO-017,encryption_strength,AES-256,AES-256,ci_cd_pipeline,scheduled_task,approved,development,False,LOW,False,False
drift-evt-7a1f,2026-04-09T11:35:00Z,IDE-065,mfa_enforced,True,True,admin_001,automation,approved,development,False,INFO,False,False
drift-evt-d598,2026-04-15T22:56:00Z,IDE-059,agent_status,running,restarting,ci_cd_pipeline,scheduled_task,approved,staging,False,LOW,False,False
drift-evt-2ebd,2026-04-08T12:55:00Z,NET-027,encryption_strength,AES-256,modified_config_param,admin_002,manual,pending,production,False,MEDIUM,True,False
drift-evt-94c7,2026-04-22T19:28:00Z,END-047,encryption_strength,AES-256,AES-128,admin_001,manual,pending,staging,False,HIGH,True,False
drift-evt-d9ef,2026-04-19T23:07:00Z,NET-031,logging_enabled,True,True,admin_001,scheduled_task,approved,development,False,LOW,False,False
drift-evt-c32d,2026-04-30T16:48:00Z,IDE-055,mfa_enforced,True,True,autoscaler_bot,scheduled_task,approved,production,False,LOW,False,False
drift-evt-7e14,2026-04-26T05:34:00Z,END-036,logging_enabled,True,True,admin_002,ci_cd,approved,production,True,LOW,False,False
drift-evt-1aad,2026-04-18T09:40:00Z,CLO-013,inbound_rules,RESTRICTED,RESTRICTED,admin_001,automation,approved,production,False,INFO,False,False
drift-evt-4e38,2026-05-03T06:35:00Z,IDE-056,logging_enabled,True,expired_state,admin_002,manual,expired,staging,False,HIGH,True,False
drift-evt-3e6c,2026-04-14T19:21:00Z,IDE-061,logging_enabled,True,True,ci_cd_pipeline,ci_cd,approved,production,False,LOW,False,False
drift-evt-2bac,2026-05-01T12:43:00Z,END-041,logging_enabled,True,False,admin_002,manual,pending,staging,False,CRITICAL,True,False
drift-evt-5a4f,2026-05-03T14:01:00Z,CLO-007,encryption_strength,AES-256,AES-256,admin_002,ci_cd,approved,production,True,LOW,False,False
drift-evt-37f3,2026-04-19T13:46:00Z,IDE-061,logging_enabled,True,True,ci_cd_pipeline,scheduled_task,approved,production,False,LOW,False,False
drift-evt-8345,2026-04-24T09:34:00Z,NET-033,inbound_rules,RESTRICTED,TEMPORARY_VENDOR_ALLOWED,admin_001,ci_cd,approved,staging,False,LOW,False,False
drift-evt-5cdf,2026-05-05T13:28:00Z,NET-026,logging_enabled,True,True,autoscaler_bot,scheduled_task,approved,production,False,LOW,False,False
drift-evt-fe9a,2026-05-01T05:33:00Z,IDE-063,inbound_rules,RESTRICTED,TEMPORARY_VENDOR_ALLOWED,admin_002,ci_cd,approved,production,False,LOW,False,False
drift-evt-cc91,2026-04-29T02:33:00Z,CLO-019,agent_status,running,weakened_state,autoscaler_bot,manual,pending,development,False,HIGH,True,False
drift-evt-f7fc,2026-04-23T08:32:00Z,IDE-054,agent_status,running,modified_config_param,admin_002,manual,pending,staging,False,MEDIUM,True,False
drift-evt-f5e0,2026-04-11T05:56:00Z,CLO-011,logging_enabled,True,expired_state,autoscaler_bot,manual,expired,production,False,HIGH,True,False
drift-evt-ff8c,2026-04-22T06:25:00Z,END-041,logging_enabled,True,True,admin_001,scheduled_task,approved,staging,False,LOW,False,False
drift-evt-ef9a,2026-04-28T05:57:00Z,END-047,encryption_strength,AES-256,AES-256,admin_002,scheduled_task,approved,staging,True,LOW,False,False
drift-evt-8f58,2026-04-09T01:14:00Z,CLO-017,encryption_strength,AES-256,AES-256,autoscaler_bot,scheduled_task,approved,development,True,LOW,False,False
drift-evt-9075,2026-04-26T01:41:00Z,CLO-014,agent_status,running,restarting,ci_cd_pipeline,ci_cd,approved,production,False,LOW,False,False
drift-evt-c192,2026-04-09T04:48:00Z,IDE-051,logging_enabled,True,weakened_state,ci_cd_pipeline,manual,pending,development,False,HIGH,True,False
drift-evt-6027,2026-04-15T01:37:00Z,CLO-011,logging_enabled,True,True,admin_002,scheduled_task,approved,production,True,LOW,False,False
drift-evt-7c5d,2026-04-20T22:24:00Z,IDE-057,encryption_strength,AES-256,AES-256,autoscaler_bot,ci_cd,approved,staging,True,LOW,False,False
drift-evt-47cf,2026-04-24T05:46:00Z,END-042,encryption_strength,AES-256,AES-256,admin_002,scheduled_task,approved,staging,False,LOW,False,False
drift-evt-8d2d,2026-04-14T03:35:00Z,NET-023,inbound_rules,RESTRICTED,weakened_state,admin_002,manual,pending,development,False,HIGH,True,False
drift-evt-c94b,2026-05-03T16:02:00Z,IDE-056,logging_enabled,True,modified_config_param,admin_001,manual,pending,staging,False,MEDIUM,True,False
drift-evt-4e5c,2026-04-29T22:06:00Z,NET-030,mfa_enforced,True,True,ci_cd_pipeline,automation,approved,production,False,INFO,False,False
drift-evt-998d,2026-04-24T15:32:00Z,IDE-053,inbound_rules,RESTRICTED,TEMPORARY_VENDOR_ALLOWED,admin_001,ci_cd,approved,development,False,LOW,False,False
drift-evt-ebee,2026-05-01T19:37:00Z,CLO-018,inbound_rules,RESTRICTED,TEMPORARY_VENDOR_ALLOWED,admin_001,scheduled_task,approved,production,False,LOW,False,False
drift-evt-1f58,2026-04-30T09:20:00Z,IDE-062,encryption_strength,AES-256,AES-128,admin_001,manual,pending,production,False,HIGH,True,False
drift-evt-aa00,2026-04-27T14:10:00Z,END-038,inbound_rules,RESTRICTED,TEMPORARY_VENDOR_ALLOWED,autoscaler_bot,ci_cd,approved,production,False,LOW,False,False
drift-evt-755d,2026-05-03T12:17:00Z,IDE-056,logging_enabled,True,True,admin_002,ci_cd,approved,staging,True,LOW,False,False
drift-evt-fc37,2026-04-25T17:41:00Z,END-049,agent_status,running,modified_config_param,autoscaler_bot,manual,pending,production,False,MEDIUM,True,False
drift-evt-4c7e,2026-04-27T05:12:00Z,NET-031,logging_enabled,True,True,admin_001,scheduled_task,approved,development,False,LOW,False,False
drift-evt-2f76,2026-04-11T02:47:00Z,NET-024,agent_status,running,restarting,autoscaler_bot,scheduled_task,approved,staging,True,LOW,False,False
drift-evt-b53b,2026-04-28T14:33:00Z,NET-035,mfa_enforced,True,modified_config_param,admin_002,manual,pending,staging,False,MEDIUM,True,False
drift-evt-fce3,2026-04-08T21:12:00Z,CLO-020,mfa_enforced,True,True,ci_cd_pipeline,ci_cd,approved,staging,True,LOW,False,False
drift-evt-9e8f,2026-04-20T20:09:00Z,NET-035,mfa_enforced,True,True,autoscaler_bot,automation,approved,staging,False,INFO,False,False
drift-evt-dc52,2026-04-08T08:58:00Z,NET-030,mfa_enforced,True,modified_config_param,ci_cd_pipeline,manual,pending,production,False,MEDIUM,True,False
drift-evt-9a10,2026-04-30T11:08:00Z,NET-028,inbound_rules,RESTRICTED,TEMPORARY_VENDOR_ALLOWED,admin_001,scheduled_task,approved,staging,False,LOW,False,False
drift-evt-4bb6,2026-04-30T16:23:00Z,END-048,inbound_rules,RESTRICTED,expired_state,admin_002,manual,expired,production,False,MEDIUM,True,False
drift-evt-d11b,2026-04-09T10:40:00Z,END-043,inbound_rules,RESTRICTED,PORT_8080_OPENED_ANYWHERE,ci_cd_pipeline,manual,pending,production,False,MEDIUM,True,False
drift-evt-d03f,2026-04-14T15:35:00Z,CLO-008,inbound_rules,RESTRICTED,expired_state,admin_001,manual,expired,production,False,MEDIUM,True,False
drift-evt-96ec,2026-04-11T05:59:00Z,IDE-061,logging_enabled,True,expired_state,autoscaler_bot,manual,expired,production,False,HIGH,True,False
drift-evt-b2bb,2026-04-19T09:10:00Z,END-049,agent_status,running,restarting,ci_cd_pipeline,ci_cd,approved,production,True,LOW,False,False
drift-evt-9ff0,2026-04-28T03:50:00Z,NET-032,encryption_strength,AES-256,AES-256,ci_cd_pipeline,ci_cd,approved,production,False,LOW,False,False
drift-evt-3fdd,2026-04-12T06:38:00Z,NET-027,encryption_strength,AES-256,modified_config_param,admin_002,manual,pending,production,False,MEDIUM,True,False
drift-evt-b3fa,2026-04-22T04:55:00Z,END-042,encryption_strength,AES-256,AES-256,autoscaler_bot,ci_cd,approved,staging,True,LOW,False,False
drift-evt-a931,2026-04-21T14:24:00Z,NET-026,logging_enabled,True,True,admin_001,ci_cd,approved,production,True,LOW,False,False
drift-evt-c977,2026-04-18T17:45:00Z,IDE-056,logging_enabled,True,True,admin_001,automation,approved,staging,False,INFO,False,False
drift-evt-0d9e,2026-04-20T13:35:00Z,CLO-016,logging_enabled,True,True,admin_002,ci_cd,approved,production,True,LOW,False,False
drift-evt-9402,2026-05-04T10:42:00Z,IDE-061,logging_enabled,True,True,autoscaler_bot,automation,approved,production,False,INFO,False,False
drift-evt-2778,2026-04-12T01:45:00Z,NET-032,encryption_strength,AES-256,AES-256,autoscaler_bot,scheduled_task,approved,production,True,LOW,False,False
drift-evt-6d44,2026-04-23T09:39:00Z,CLO-008,inbound_rules,RESTRICTED,PORT_8080_OPENED_ANYWHERE,ci_cd_pipeline,manual,pending,production,False,MEDIUM,True,False
drift-evt-26c4,2026-04-15T00:08:00Z,CLO-014,agent_status,running,restarting,autoscaler_bot,scheduled_task,approved,production,True,LOW,False,False
drift-evt-c539,2026-05-03T09:53:00Z,END-045,mfa_enforced,True,True,admin_002,ci_cd,approved,production,True,LOW,False,False
drift-evt-d0b6,2026-04-24T07:13:00Z,CLO-018,inbound_rules,RESTRICTED,PORT_8080_OPENED_ANYWHERE,admin_001,manual,pending,production,False,MEDIUM,True,False
drift-evt-ca51,2026-04-30T02:05:00Z,IDE-057,encryption_strength,AES-256,AES-256,admin_001,automation,approved,staging,False,INFO,False,False
drift-evt-fd80,2026-04-30T07:19:00Z,NET-025,mfa_enforced,True,weakened_state,autoscaler_bot,manual,pending,staging,False,HIGH,True,False
drift-evt-6eea,2026-04-22T17:33:00Z,IDE-060,mfa_enforced,True,weakened_state,admin_001,manual,pending,production,False,HIGH,True,False
drift-evt-65e1,2026-05-05T05:56:00Z,NET-021,logging_enabled,True,expired_state,ci_cd_pipeline,manual,expired,production,False,HIGH,True,False
drift-evt-8ad0,2026-04-28T10:51:00Z,END-038,inbound_rules,RESTRICTED,weakened_state,admin_001,manual,pending,production,False,HIGH,True,False
drift-evt-2f33,2026-04-28T15:59:00Z,CLO-001,logging_enabled,True,weakened_state,admin_002,manual,pending,production,False,HIGH,True,False
drift-evt-9e53,2026-04-08T20:27:00Z,END-047,encryption_strength,AES-256,modified_config_param,autoscaler_bot,manual,pending,staging,False,MEDIUM,True,False
drift-evt-f232,2026-04-10T21:12:00Z,END-050,mfa_enforced,True,True,autoscaler_bot,scheduled_task,approved,production,True,LOW,False,False
drift-evt-799b,2026-04-22T16:22:00Z,IDE-053,inbound_rules,RESTRICTED,weakened_state,admin_001,manual,pending,development,False,HIGH,True,False
drift-evt-10f5,2026-05-01T19:29:00Z,CLO-009,agent_status,running,restarting,ci_cd_pipeline,ci_cd,approved,development,True,LOW,False,False
drift-evt-602a,2026-04-17T04:44:00Z,CLO-014,agent_status,running,running,admin_002,automation,approved,production,False,INFO,False,False
drift-evt-d541,2026-04-09T10:46:00Z,END-050,mfa_enforced,True,True,admin_002,scheduled_task,approved,production,True,LOW,False,False
drift-evt-6d4b,2026-05-05T13:52:00Z,CLO-010,mfa_enforced,True,True,ci_cd_pipeline,ci_cd,approved,production,False,LOW,False,False
drift-evt-aa5f,2026-04-11T15:21:00Z,IDE-060,mfa_enforced,True,True,ci_cd_pipeline,automation,approved,production,False,INFO,False,False
drift-evt-6b0e,2026-04-26T22:20:00Z,END-048,inbound_rules,RESTRICTED,TEMPORARY_VENDOR_ALLOWED,ci_cd_pipeline,scheduled_task,approved,production,True,LOW,False,False
drift-evt-9431,2026-04-21T19:57:00Z,CLO-010,mfa_enforced,True,modified_config_param,autoscaler_bot,manual,pending,production,False,MEDIUM,True,False
drift-evt-7287,2026-04-12T10:05:00Z,CLO-013,inbound_rules,RESTRICTED,RESTRICTED,autoscaler_bot,automation,approved,production,False,INFO,False,False
drift-evt-932c,2026-04-16T14:57:00Z,NET-025,mfa_enforced,True,weakened_state,autoscaler_bot,manual,pending,staging,False,HIGH,True,False
drift-evt-e996,2026-04-16T03:25:00Z,IDE-054,agent_status,running,weakened_state,ci_cd_pipeline,manual,pending,staging,False,HIGH,True,False
drift-evt-6e43,2026-05-04T05:46:00Z,END-046,logging_enabled,True,expired_state,admin_002,manual,expired,production,False,HIGH,True,False
drift-evt-85c8,2026-04-27T10:29:00Z,CLO-014,agent_status,running,modified_config_param,autoscaler_bot,manual,pending,production,False,MEDIUM,True,False
drift-evt-08c1,2026-05-03T00:43:00Z,IDE-052,encryption_strength,AES-256,expired_state,admin_001,manual,expired,staging,False,MEDIUM,True,False
drift-evt-a12c,2026-05-02T07:10:00Z,IDE-057,encryption_strength,AES-256,modified_config_param,admin_001,manual,pending,staging,False,MEDIUM,True,False
drift-evt-26f2,2026-05-03T00:51:00Z,END-042,encryption_strength,AES-256,AES-256,admin_001,automation,approved,staging,False,INFO,False,False
drift-evt-e464,2026-04-27T14:20:00Z,END-042,encryption_strength,AES-256,AES-256,autoscaler_bot,ci_cd,approved,staging,False,LOW,False,False
drift-evt-b797,2026-04-19T13:32:00Z,END-047,encryption_strength,AES-256,expired_state,admin_002,manual,expired,staging,False,MEDIUM,True,False
drift-evt-aa8a,2026-04-26T01:44:00Z,CLO-001,logging_enabled,True,True,ci_cd_pipeline,scheduled_task,approved,production,True,LOW,False,False
drift-evt-cbc2,2026-04-21T17:42:00Z,CLO-001,logging_enabled,True,False,admin_001,manual,pending,production,False,CRITICAL,True,False
drift-evt-7889,2026-04-17T18:39:00Z,END-041,logging_enabled,True,True,ci_cd_pipeline,automation,approved,staging,False,INFO,False,False
drift-evt-b873,2026-04-20T13:26:00Z,CLO-020,mfa_enforced,True,expired_state,ci_cd_pipeline,manual,expired,staging,False,HIGH,True,False
drift-evt-9f19,2026-04-24T04:29:00Z,CLO-020,mfa_enforced,True,True,autoscaler_bot,scheduled_task,approved,staging,False,LOW,False,False
drift-evt-5591,2026-04-19T08:55:00Z,NET-030,mfa_enforced,True,True,admin_001,automation,approved,production,False,INFO,False,False
drift-evt-49b1,2026-04-12T04:24:00Z,IDE-052,encryption_strength,AES-256,expired_state,autoscaler_bot,manual,expired,staging,False,MEDIUM,True,False
drift-evt-3f90,2026-04-22T18:40:00Z,IDE-062,encryption_strength,AES-256,modified_config_param,autoscaler_bot,manual,pending,production,False,MEDIUM,True,False
drift-evt-a321,2026-05-04T05:24:00Z,CLO-013,inbound_rules,RESTRICTED,False,admin_001,manual,pending,production,False,CRITICAL,True,False
drift-evt-a3b6,2026-05-04T05:28:00Z,END-049,agent_status,running,restarting,ci_cd_pipeline,ci_cd,approved,production,False,LOW,False,False
drift-evt-c396,2026-04-27T18:23:00Z,IDE-054,agent_status,running,restarting,ci_cd_pipeline,ci_cd,approved,staging,True,LOW,False,False
drift-evt-ac5c,2026-04-25T09:47:00Z,CLO-007,encryption_strength,AES-256,modified_config_param,admin_001,manual,pending,production,False,MEDIUM,True,False
drift-evt-aacf,2026-04-22T12:47:00Z,CLO-020,mfa_enforced,True,weakened_state,admin_001,manual,pending,staging,False,HIGH,True,False
drift-evt-33c7,2026-04-18T01:11:00Z,CLO-020,mfa_enforced,True,False,ci_cd_pipeline,manual,pending,staging,False,CRITICAL,True,False
drift-evt-8204,2026-04-25T21:08:00Z,IDE-058,inbound_rules,RESTRICTED,PORT_8080_OPENED_ANYWHERE,ci_cd_pipeline,manual,pending,production,False,MEDIUM,True,False
drift-evt-b310,2026-04-21T04:32:00Z,IDE-051,logging_enabled,True,True,autoscaler_bot,ci_cd,approved,development,False,LOW,False,False
drift-evt-cc8a,2026-05-04T00:10:00Z,CLO-007,encryption_strength,AES-256,AES-256,admin_002,scheduled_task,approved,production,True,LOW,False,False
drift-evt-ec74,2026-04-27T18:35:00Z,CLO-017,encryption_strength,AES-256,AES-256,autoscaler_bot,scheduled_task,approved,development,True,LOW,False,False
drift-evt-2ab0,2026-05-04T00:03:00Z,NET-026,logging_enabled,True,False,autoscaler_bot,manual,pending,production,False,CRITICAL,True,False
drift-evt-1c8e,2026-04-20T02:50:00Z,IDE-056,logging_enabled,True,True,admin_001,ci_cd,approved,staging,True,LOW,False,False
drift-evt-b65d,2026-04-27T06:38:00Z,END-047,encryption_strength,AES-256,modified_config_param,admin_001,manual,pending,staging,False,MEDIUM,True,False
drift-evt-a044,2026-04-23T16:19:00Z,CLO-004,agent_status,running,restarting,admin_001,ci_cd,approved,production,False,LOW,False,False
drift-evt-d345,2026-04-28T03:01:00Z,CLO-019,agent_status,running,weakened_state,admin_002,manual,pending,development,False,HIGH,True,False
drift-evt-6d4f,2026-04-18T15:02:00Z,NET-026,logging_enabled,True,True,admin_001,ci_cd,approved,production,True,LOW,False,False
drift-evt-dd5a,2026-04-10T11:35:00Z,NET-032,encryption_strength,AES-256,AES-256,autoscaler_bot,scheduled_task,approved,production,True,LOW,False,False
drift-evt-11a6,2026-04-13T01:33:00Z,END-040,mfa_enforced,True,True,admin_002,scheduled_task,approved,production,True,LOW,False,False
drift-evt-4460,2026-05-02T11:39:00Z,NET-028,inbound_rules,RESTRICTED,TEMPORARY_VENDOR_ALLOWED,autoscaler_bot,scheduled_task,approved,staging,False,LOW,False,False
drift-evt-55d8,2026-04-14T10:24:00Z,CLO-003,inbound_rules,RESTRICTED,PORT_8080_OPENED_ANYWHERE,admin_002,manual,pending,staging,False,MEDIUM,True,False
drift-evt-59dc,2026-05-01T23:25:00Z,CLO-006,logging_enabled,True,weakened_state,admin_001,manual,pending,production,False,HIGH,True,False
drift-evt-49aa,2026-04-20T22:14:00Z,NET-026,logging_enabled,True,True,admin_001,ci_cd,approved,production,False,LOW,False,False
drift-evt-58ba,2026-04-08T09:07:00Z,CLO-009,agent_status,running,modified_config_param,admin_002,manual,pending,development,False,MEDIUM,True,False
drift-evt-5cfb,2026-04-24T09:28:00Z,CLO-014,agent_status,running,modified_config_param,ci_cd_pipeline,manual,pending,production,False,MEDIUM,True,False
drift-evt-ca43,2026-04-25T14:12:00Z,NET-030,mfa_enforced,True,True,admin_002,ci_cd,approved,production,False,LOW,False,False
drift-evt-1f78,2026-05-05T04:12:00Z,CLO-012,encryption_strength,AES-256,False,autoscaler_bot,manual,pending,production,False,CRITICAL,True,False
drift-evt-7569,2026-04-28T20:15:00Z,CLO-003,inbound_rules,RESTRICTED,TEMPORARY_VENDOR_ALLOWED,ci_cd_pipeline,ci_cd,approved,staging,False,LOW,False,False
drift-evt-5ced,2026-04-25T21:42:00Z,NET-021,logging_enabled,True,True,ci_cd_pipeline,scheduled_task,approved,production,False,LOW,False,False
drift-evt-99a1,2026-04-21T18:14:00Z,NET-031,logging_enabled,True,True,admin_001,ci_cd,approved,development,False,LOW,False,False
drift-evt-36df,2026-04-09T08:12:00Z,END-036,logging_enabled,True,True,autoscaler_bot,automation,approved,production,False,INFO,False,False
drift-evt-0c6f,2026-04-25T21:06:00Z,CLO-018,inbound_rules,RESTRICTED,TEMPORARY_VENDOR_ALLOWED,ci_cd_pipeline,scheduled_task,approved,production,True,LOW,False,False
drift-evt-029e,2026-05-04T01:46:00Z,CLO-020,mfa_enforced,True,True,admin_002,scheduled_task,approved,staging,False,LOW,False,False
drift-evt-dc97,2026-04-13T23:56:00Z,NET-027,encryption_strength,AES-256,AES-256,autoscaler_bot,ci_cd,approved,production,True,LOW,False,False
drift-evt-4e88,2026-05-01T20:09:00Z,CLO-018,inbound_rules,RESTRICTED,TEMPORARY_VENDOR_ALLOWED,admin_002,ci_cd,approved,production,True,LOW,False,False
drift-evt-b75e,2026-05-03T08:46:00Z,CLO-016,logging_enabled,True,True,autoscaler_bot,scheduled_task,approved,production,True,LOW,False,False
drift-evt-5f37,2026-04-22T12:06:00Z,IDE-053,inbound_rules,RESTRICTED,PORT_8080_OPENED_ANYWHERE,admin_002,manual,pending,development,False,MEDIUM,True,False
drift-evt-d1ec,2026-04-20T11:04:00Z,CLO-020,mfa_enforced,True,True,autoscaler_bot,ci_cd,approved,staging,True,LOW,False,False
